Application: Tecan i-control;;;;Tecan i-control , 1.10.4.0;;;;;;;;;;;;;;;;;;;;;;;;;;;;;;;
Device: infinite 200Pro;;;;Serial number: 1308001874;;;;Serial number of connected stacker:;;;;;;;;;;;;;;;;;;;;;;;;;;;
Firmware: V_3.37_07/12_Infinite (Jul 20 2012/13.56.47);;;;MAI, V_3.37_07/12_Infinite (Jul 20 2012/13.56.47);;;;;;;;;;;;;;;;;;;;;;;;;;;;;;;
;;;;;;;;;;;;;;;;;;;;;;;;;;;;;;;;;;;
Date:;10/03/2014;;;;;;;;;;;;;;;;;;;;;;;;;;;;;;;;;;
Time:;12:05:42;;;;;;;;;;;;;;;;;;;;;;;;;;;;;;;;;;
;;;;;;;;;;;;;;;;;;;;;;;;;;;;;;;;;;;
;;;;;;;;;;;;;;;;;;;;;;;;;;;;;;;;;;;
System;;;;TECAN-PC;;;;;;;;;;;;;;;;;;;;;;;;;;;;;;;
User;;;;tecan-PC\tecan;;;;;;;;;;;;;;;;;;;;;;;;;;;;;;;
Plate;;;;Greiner 96 Flat Bottom Transparent Polystyrol  [GRE96ft.pdfx];;;;;;;;;;;;;;;;;;;;;;;;;;;;;;;
Plate-ID (Stacker);;;;;;;;;;;;;;;;;;;;;;;;;;;;;;;;;;;
;;;;;;;;;;;;;;;;;;;;;;;;;;;;;;;;;;;
Wait (Plate);;;;On;Target Temperature: 37 캜;;;;;;;;;;;;;;;;;;;;;;;;;;;;;;
;;;;;;;;;;;;;;;;;;;;;;;;;;;;;;;;;;;
Wait (Plate Temperature);;;;Valid Range: 36.5 - 37.5 캜;;;;;;;;;;;;;;;;;;;;;;;;;;;;;;;
;;;;;;;;;;;;;;;;;;;;;;;;;;;;;;;;;;;
List of actions in this measurement script:;;;;;;;;;;;;;;;;;;;;;;;;;;;;;;;;;;;
Kinetic;;;;;;;;;;;;;;;;;;;;;;;;;;;;;;;;;;;
Shaking (Orbital) Duration:;;;;45;s;;;;;;;;;;;;;;;;;;;;;;;;;;;;;;
Shaking (Orbital) Amplitude:;;;;6;mm;;;;;;;;;;;;;;;;;;;;;;;;;;;;;;
Shaking (Linear) Duration:;;;;45;s;;;;;;;;;;;;;;;;;;;;;;;;;;;;;;
Shaking (Linear) Amplitude:;;;;6;mm;;;;;;;;;;;;;;;;;;;;;;;;;;;;;;
Wait (Time);;;;00:00:10;;;;;;;;;;;;;;;;;;;;;;;;;;;;;;;
Absorbance;;;;;;;;;;;;;;;;;;;;;;;;;;;;;;;;;;;
Fluorescence;;;;;;;;;;;;;;;;;;;;;;;;;;;;;;;;;;;
Fluorescence;;;;;;;;;;;;;;;;;;;;;;;;;;;;;;;;;;;
;;;;;;;;;;;;;;;;;;;;;;;;;;;;;;;;;;;
3 Labels;;;;;;;;;;;;;;;;;;;;;;;;;;;;;;;;;;;
Kinetic Measurement;;;;;;;;;;;;;;;;;;;;;;;;;;;;;;;;;;;
Kinetic duration;;;;23:59:59;;;;;;;;;;;;;;;;;;;;;;;;;;;;;;;
Interval Time;;;;Minimal;;;;;;;;;;;;;;;;;;;;;;;;;;;;;;;
Mode;;;;Absorbance;;;;;;;;;;;;;;;;;;;;;;;;;;;;;;;
Wavelength;;;;600;nm;;;;;;;;;;;;;;;;;;;;;;;;;;;;;;
Bandwidth;;;;10;nm;;;;;;;;;;;;;;;;;;;;;;;;;;;;;;
Number of Flashes;;;;10;;;;;;;;;;;;;;;;;;;;;;;;;;;;;;;
Settle Time;;;;0;ms;;;;;;;;;;;;;;;;;;;;;;;;;;;;;;
Mode;;;;Fluorescence Top Reading;;;;;;;;;;;;;;;;;;;;;;;;;;;;;;;
Excitation Wavelength;;;;560;nm;;;;;;;;;;;;;;;;;;;;;;;;;;;;;;
Emission Wavelength;;;;635;nm;;;;;;;;;;;;;;;;;;;;;;;;;;;;;;
Excitation Bandwidth;;;;20;nm;;;;;;;;;;;;;;;;;;;;;;;;;;;;;;
Emission Bandwidth;;;;35;nm;;;;;;;;;;;;;;;;;;;;;;;;;;;;;;
Gain;;;;65;Optimal (50%);;;;;;;;;;;;;;;;;;;;;;;;;;;;;;
Number of Flashes;;;;10;;;;;;;;;;;;;;;;;;;;;;;;;;;;;;;
Integration Time;;;;20;탎;;;;;;;;;;;;;;;;;;;;;;;;;;;;;;
Lag Time;;;;0;탎;;;;;;;;;;;;;;;;;;;;;;;;;;;;;;
Settle Time;;;;0;ms;;;;;;;;;;;;;;;;;;;;;;;;;;;;;;
Mirror (Automatic);;;;50% Mirror;;;;;;;;;;;;;;;;;;;;;;;;;;;;;;;
Mode;;;;Fluorescence Top Reading;;;;;;;;;;;;;;;;;;;;;;;;;;;;;;;
Excitation Wavelength;;;;485;nm;;;;;;;;;;;;;;;;;;;;;;;;;;;;;;
Emission Wavelength;;;;535;nm;;;;;;;;;;;;;;;;;;;;;;;;;;;;;;
Excitation Bandwidth;;;;20;nm;;;;;;;;;;;;;;;;;;;;;;;;;;;;;;
Emission Bandwidth;;;;25;nm;;;;;;;;;;;;;;;;;;;;;;;;;;;;;;
Gain;;;;47;Optimal (50%);;;;;;;;;;;;;;;;;;;;;;;;;;;;;;
Number of Flashes;;;;10;;;;;;;;;;;;;;;;;;;;;;;;;;;;;;;
Integration Time;;;;20;탎;;;;;;;;;;;;;;;;;;;;;;;;;;;;;;
Lag Time;;;;0;탎;;;;;;;;;;;;;;;;;;;;;;;;;;;;;;
Settle Time;;;;0;ms;;;;;;;;;;;;;;;;;;;;;;;;;;;;;;
Mirror (Automatic);;;;Dichroic 510 (e.g. fluorescein);;;;;;;;;;;;;;;;;;;;;;;;;;;;;;;
Part of Plate;;;;B2-G11;;;;;;;;;;;;;;;;;;;;;;;;;;;;;;;
Start Time:;03/10/2014 12:05:42;;;;;;;;;;;;;;;;;;;;;;;;;;;;;;;;;;
;;;;;;;;;;;;;;;;;;;;;;;;;;;;;;;;;;;
;;;;;;;;;;;;;;;;;;;;;;;;;;;;;;;;;;;
Abs;;;;;;;;;;;;;;;;;;;;;;;;;;;;;;;;;;;
Cycle Nr.;1;2;3;4;5;6;7;8;9;10;11;12;13;14;15;16;17;18;19;20;21;22;23;24;25;26;27;28;29;30;31;32;33;34;35
Temp. [캜];37,1;37,1;37,1;37;36,8;37,1;36,7;37,2;36,9;37,2;37,1;37,1;37,2;36,8;37,4;37;36,7;37,1;37;37;37,3;37;37;36,9;37,3;37;37;37;37,2;37;37;37,1;37,1;36,9;37,1
B2;0,090400003;0,094599999;0,099399999;0,103200004;0,104599997;0,103600003;0,102899998;0,125300005;0,1043;0,104800001;0,104900002;0,105700001;0,127100006;0,111100003;0,102399997;0,106399998;0,1061;0,105400003;0,107900001;0,129899994;0,101000004;0,113600001;0,116599999;0,101300001;0,100500003;0,118900001;0,1065;0,089299999;0,089400001;0,089199997;0,089100003;0,090099998;0,090000004;0,0898;0,088799998
Time [ms];0;185790;371565;557340;743116;928891;1114667;1300442;1486217;1671993;1857768;2043544;2229319;2415094;2600870;2786645;2972420;3158196;3343971;3529746;3715521;3901297;4087072;4272847;4458623;4644398;4830174;5015949;5201724;5387499;5573275;5759050;5944825;6130600;6316376
B3;0,093599997;0,132599995;0,123599999;0,125599995;0,101800002;0,093800001;0,151800007;0,271600008;0,103500001;0,218899995;0,114200003;0,135700002;0,123300001;0,122500002;0,179100007;0,131999999;0,0911;0,121200003;0,102899998;0,105899997;0,106600001;0,130799994;0,124700002;0,126200005;0,092100002;0,138799995;0,100000001;0,144800007;0,157100007;0,098300003;0,120700002;0,144299999;0,098200001;0,153400004;0,138600007
Time [ms];356;186146;371921;557696;743472;929247;1115023;1300798;1486573;1672349;1858124;2043900;2229675;2415450;2601226;2787001;2972776;3158552;3344327;3530102;3715877;3901653;4087428;4273203;4458979;4644754;4830530;5016305;5202080;5387855;5573631;5759406;5945181;6130956;6316732
B4;0,095799997;0,121399999;0,106899999;0,132200003;0,1118;0,089599997;0,091600001;0,093400002;0,141800001;0,098099999;0,089199997;0,156599998;0,112199999;0,089199997;0,089599997;0,117799997;0,106200002;0,100199997;0,103600003;0,090899996;0,098499998;0,092699997;0,094899997;0,094899997;0,155399993;0,103799999;0,103600003;0,101599999;0,108599998;0,093800001;0,093099996;0,117799997;0,150399998;0,104400001;0,101999998
Time [ms];712;186502;372277;558052;743828;929603;1115379;1301154;1486929;1672705;1858480;2044256;2230031;2415806;2601582;2787357;2973132;3158908;3344683;3530458;3716234;3902009;4087784;4273559;4459335;4645110;4830886;5016661;5202436;5388211;5573987;5759762;5945537;6131312;6317088
B5;0,136399999;0,113200001;0,1303;0,123899996;0,139400005;0,121299997;0,094899997;0,108000003;0,091200002;0,108199999;0,120800003;0,126100004;0,116800003;0,228499994;0,120200001;0,135499999;0,119999997;0,089699998;0,125499994;0,109899998;0,222299993;0,261900008;0,230599999;0,221399993;0,138999999;0,122400001;0,117799997;0,134499997;0,124399997;0,238299996;0,0911;0,270999998;0,129099995;0,158600003;0,116999999
Time [ms];1068;186858;372633;558408;744184;929959;1115735;1301510;1487285;1673061;1858836;2044612;2230387;2416162;2601938;2787713;2973488;3159264;3345039;3530814;3716590;3902365;4088140;4273915;4459691;4645466;4831242;5017017;5202792;5388567;5574343;5760118;5945893;6131668;6317444
B6;0,228499994;0,099299997;0,120499998;0,095399998;0,306100011;0,095600002;0,092399999;0,086999997;0,133499995;0,0986;0,092699997;0,088100001;0,094499998;0,091600001;0,0955;0,1237;0,092600003;0,123899996;0,1008;0,094899997;0,087899998;0,106700003;0,096500002;0,121200003;0,105599999;0,0911;0,137899995;0,146500006;0,133399993;0,119000003;0,094800003;0,089000002;0,0898;0,313600004;0,123899996
Time [ms];1424;187214;372989;558764;744540;930315;1116091;1301866;1487641;1673417;1859192;2044968;2230743;2416518;2602294;2788069;2973844;3159620;3345395;3531170;3716946;3902721;4088496;4274271;4460047;4645822;4831598;5017373;5203148;5388923;5574699;5760474;5946249;6132024;6317800
B7;0,086800002;0,335900009;0,223000005;0,105599999;0,086900003;0,102200001;0,088600002;0,087899998;0,086800002;0,089000002;0,090400003;0,086800002;0,092600003;0,089900002;0,090400003;0,109999999;0,091899998;0,125100002;0,091200002;0,093999997;0,1083;0,110600002;0,093800001;0,094999999;0,099200003;0,107600003;0,176799998;0,090999998;0,098200001;0,092;0,149100006;0,1043;0,087399997;0,1065;0,096799999
Time [ms];1780;187570;373345;559120;744896;930671;1116447;1302222;1487997;1673773;1859548;2045324;2231099;2416874;2602650;2788425;2974200;3159976;3345751;3531526;3717302;3903077;4088852;4274627;4460403;4646178;4831954;5017729;5203504;5389279;5575055;5760830;5946605;6132380;6318156
B8;0,130700007;0,135299996;0,29550001;0,088600002;0,107299998;0,088500001;0,214699998;0,250400007;0,111599997;0,168799996;0,104400001;0,089599997;0,090099998;0,124700002;0,200000003;0,090099998;0,0973;0,214499995;0,111400001;0,090000004;0,088799998;0,1065;0,091799997;0,089400001;0,336800009;0,130199999;0,127900004;0,089199997;0,1118;0,193000004;0,112499997;0,2007;0,123300001;0,117399998;0,104800001
Time [ms];2136;187926;373701;559476;745252;931027;1116803;1302578;1488353;1674129;1859904;2045680;2231455;2417230;2603006;2788781;2974556;3160332;3346107;3531882;3717658;3903433;4089208;4274983;4460759;4646534;4832310;5018085;5203860;5389635;5575411;5761186;5946961;6132736;6318512
B9;0,088399999;0,110100001;0,087899998;0,173299998;0,093699999;0,247999996;0,098800004;0,099100001;0,088699996;0,100199997;0,090000004;0,098099999;0,088399999;0,089100003;0,092900001;0,104500003;0,088600002;0,0898;0,090000004;0,089699998;0,089400001;0,297600001;0,093199998;0,145500004;0,093199998;0,158199996;0,093800001;0,093800001;0,120099999;0,090000004;0,092699997;0,090400003;0,089000002;0,109800003;0,155399993
Time [ms];2492;188282;374057;559832;745608;931383;1117159;1302934;1488709;1674485;1860260;2046036;2231811;2417586;2603362;2789137;2974912;3160688;3346463;3532238;3718014;3903789;4089564;4275339;4461115;4646890;4832666;5018441;5204216;5389991;5575767;5761542;5947317;6133092;6318868
B10;0,128000006;0,119999997;0,0889;0,100299999;0,105099998;0,087800004;0,086800002;0,290899992;0,127200007;0,129500002;0,134900004;0,097999997;0,106200002;0,229300007;0,103799999;0,086800002;0,226899996;0,086300001;0,100699998;0,119400002;0,086599998;0,0867;0,0867;0,27790001;0,250699997;0,105300002;0,163399994;0,0867;0,149100006;0,088399999;0,100400001;0,093199998;0,090000004;0,108599998;0,087300003
Time [ms];2848;188638;374413;560189;745964;931739;1117515;1303290;1489065;1674841;1860616;2046392;2232167;2417942;2603718;2789493;2975268;3161044;3346819;3532594;3718369;3904145;4089920;4275695;4461471;4647246;4833022;5018797;5204572;5390347;5576123;5761898;5947673;6133448;6319224
B11;0,827400029;0,79339999;0,805299997;0,79519999;0,793600023;0,776199996;0,445499986;0,768299997;0,852599978;0,770799994;0,772199988;0,763599992;0,766600013;0,752300024;0,74000001;0,738900006;0,771399975;0,742399991;0,751999974;0,735300004;0,807600021;0,758000016;0,737299979;0,751299977;0,733399987;0,728999972;0,714100003;0,726800025;0,726199985;0,737600029;0,727800012;0,733099997;0,722199976;0,73299998;0,72240001
Time [ms];3204;188994;374769;560545;746320;932095;1117871;1303646;1489421;1675197;1860972;2046748;2232523;2418298;2604074;2789849;2975624;3161400;3347175;3532950;3718725;3904501;4090276;4276051;4461827;4647602;4833378;5019153;5204928;5390703;5576479;5762254;5948029;6133804;6319580
C2;0,094099998;0,096100003;0,097900003;0,102200001;0,108499996;0,109700002;0,107799999;0,112300001;0,111599997;0,113600001;0,112199999;0,116400003;0,106399998;0,106899999;0,110699996;0,108400002;0,109200001;0,110299997;0,105800003;0,1083;0,104099996;0,106399998;0,115199998;0,126200005;0,1259;0,122299999;0,110600002;0,109800003;0,109899998;0,109399997;0,1109;0,117299996;0,103699997;0,105099998;0,114
Time [ms];6871;192660;378437;564213;749988;935763;1121539;1307314;1493089;1678865;1864640;2050415;2236191;2421966;2607742;2793517;2979308;3165067;3350843;3536618;3722393;3908169;4093945;4279719;4465495;4651270;4837046;5022821;5208596;5394371;5580147;5765922;5951713;6137472;6323248
C3;0,089100003;0,089900002;0,091300003;0,092299998;0,093599997;0,096000001;0,095299996;0,098200001;0,096699998;0,097800002;0,093999997;0,096000001;0,096799999;0,096799999;0,095899999;0,096100003;0,0955;0,094400004;0,099600002;0,097400002;0,095299996;0,0973;0,100699998;0,096799999;0,097199999;0,0964;0,098099999;0,100100003;0,102300003;0,102799997;0,102399997;0,103100002;0,1008;0,1008;0,098899998
Time [ms];6515;192304;378081;563857;749632;935407;1121183;1306958;1492733;1678509;1864284;2050059;2235835;2421610;2607386;2793161;2978952;3164711;3350487;3536262;3722037;3907813;4093589;4279363;4465139;4650914;4836689;5022465;5208240;5394015;5579791;5765566;5951357;6137116;6322892
C4;0,088;0,089900002;0,092100002;0,0964;0,097900003;0,098499998;0,098899998;0,100199997;0,099100001;0,096500002;0,099399999;0,101999998;0,0977;0,097800002;0,095100001;0,095700003;0,102899998;0,104999997;0,101800002;0,100100003;0,100100003;0,099200003;0,1017;0,104099996;0,098899998;0,098499998;0,101499997;0,099600002;0,098399997;0,100100003;0,100500003;0,102499999;0,0999;0,102600001;0,101400003
Time [ms];6159;191948;377725;563501;749276;935051;1120827;1306602;1492377;1678153;1863928;2049703;2235479;2421254;2607030;2792805;2978596;3164355;3350131;3535906;3721681;3907457;4093233;4279007;4464783;4650558;4836333;5022109;5207884;5393659;5579435;5765210;5951001;6136760;6322536
C5;0,090000004;0,0902;0,090899996;0,092;0,091600001;0,092699997;0,093000002;0,092799999;0,092399999;0,093900003;0,098899998;0,092299998;0,093000002;0,093800001;0,093699999;0,092799999;0,0933;0,095299996;0,096199997;0,093400002;0,093000002;0,095200002;0,095600002;0,0955;0,096199997;0,0933;0,094899997;0,094800003;0,097000003;0,094999999;0,093800001;0,094800003;0,094899997;0,094499998;0,094800003
Time [ms];5803;191592;377369;563144;748920;934695;1120471;1306246;1492021;1677797;1863572;2049347;2235123;2420898;2606674;2792449;2978240;3163999;3349775;3535550;3721325;3907101;4092877;4278651;4464427;4650202;4835977;5021753;5207528;5393303;5579079;5764854;5950645;6136404;6322180
C6;0,087800004;0,087499999;0,088500001;0,089100003;0,090099998;0,090300001;0,090400003;0,090099998;0,092500001;0,091600001;0,091600001;0,092299998;0,092299998;0,092399999;0,091399997;0,093000002;0,091899998;0,094099998;0,096100003;0,091600001;0,094800003;0,092500001;0,090999998;0,098099999;0,098300003;0,097400002;0,097000003;0,097400002;0,095799997;0,097099997;0,0973;0,098800004;0,098499998;0,096500002;0,095700003
Time [ms];5447;191236;377013;562788;748564;934339;1120115;1305890;1491665;1677441;1863216;2048991;2234767;2420542;2606318;2792093;2977884;3163643;3349419;3535194;3720969;3906745;4092521;4278295;4464071;4649846;4835621;5021397;5207172;5392947;5578723;5764498;5950289;6136048;6321824
C7;0,102700002;0,102499999;0,102700002;0,103600003;0,103200004;0,104599997;0,104400001;0,1052;0,105499998;0,105400003;0,105599999;0,105599999;0,105899997;0,106200002;0,106399998;0,106899999;0,107100002;0,107799999;0,1083;0,107000001;0,1065;0,107900001;0,107299998;0,108199999;0,108599998;0,107799999;0,108900003;0,1096;0,109099999;0,109300002;0,109800003;0,108999997;0,111000001;0,111100003;0,111500002
Time [ms];5091;190880;376657;562432;748208;933983;1119759;1305534;1491309;1677085;1862860;2048635;2234411;2420186;2605962;2791737;2977528;3163287;3349063;3534838;3720613;3906389;4092165;4277939;4463715;4649490;4835265;5021041;5206816;5392591;5578367;5764142;5949933;6135692;6321468
C8;0,089699998;0,090999998;0,0911;0,092;0,092200004;0,093500003;0,093999997;0,094300002;0,094400004;0,094400004;0,095600002;0,096600004;0,097099997;0,098099999;0,098999999;0,101800002;0,100000001;0,1008;0,100599997;0,098800004;0,101400003;0,101000004;0,099799998;0,098899998;0,102499999;0,0999;0,096199997;0,096900001;0,101599999;0,100199997;0,096100003;0,0973;0,097400002;0,098099999;0,098899998
Time [ms];4735;190524;376301;562076;747852;933627;1119403;1305178;1490953;1676729;1862504;2048279;2234055;2419830;2605606;2791381;2977172;3162931;3348707;3534482;3720257;3906033;4091809;4277583;4463359;4649134;4834909;5020685;5206460;5392235;5578011;5763786;5949577;6135336;6321112
C9;0,091899998;0,091899998;0,091799997;0,092500001;0,093099996;0,094400004;0,094599999;0,095799997;0,095899999;0,095799997;0,096500002;0,096100003;0,095399998;0,096299998;0,096600004;0,095700003;0,096799999;0,097599998;0,097999997;0,096600004;0,0973;0,097199999;0,097999997;0,098399997;0,098099999;0,0977;0,097999997;0,099100001;0,097999997;0,100599997;0,100100003;0,100100003;0,100100003;0,100100003;0,0995
Time [ms];4379;190168;375945;561720;747496;933271;1119047;1304822;1490597;1676373;1862148;2047923;2233699;2419474;2605250;2791025;2976816;3162575;3348351;3534126;3719901;3905677;4091453;4277227;4463003;4648778;4834553;5020329;5206104;5391879;5577654;5763430;5949221;6134980;6320756
C10;0,088600002;0,088299997;0,088699996;0,0889;0,090099998;0,089500003;0,089000002;0,0902;0,090300001;0,091600001;0,093599997;0,092100002;0,091399997;0,091300003;0,092;0,092200004;0,091700003;0,092100002;0,093000002;0,093000002;0,092500001;0,092399999;0,092200004;0,093599997;0,093099996;0,094300002;0,092900001;0,093500003;0,0933;0,093999997;0,094300002;0,094300002;0,094999999;0,096500002;0,095399998
Time [ms];4023;189812;375589;561364;747140;932915;1118691;1304466;1490241;1676017;1861792;2047567;2233343;2419118;2604894;2790669;2976460;3162219;3347995;3533770;3719545;3905321;4091097;4276871;4462647;4648422;4834197;5019973;5205748;5391523;5577298;5763074;5948865;6134624;6320400
C11;0,0876;0,089100003;0,090499997;0,091600001;0,090099998;0,090800002;0,090099998;0,0898;0,088500001;0,093400002;0,092500001;0,092299998;0,091600001;0,0902;0,089199997;0,088799998;0,088;0,088;0,089299999;0,0889;0,090499997;0,088799998;0,088600002;0,088799998;0,088799998;0,089100003;0,089599997;0,090700001;0,092600003;0,096100003;0,093000002;0,095600002;0,096600004;0,0911;0,092100002
Time [ms];3667;189456;375233;561008;746784;932559;1118335;1304110;1489885;1675661;1861436;2047211;2232987;2418762;2604538;2790313;2976104;3161863;3347639;3533414;3719189;3904965;4090741;4276515;4462291;4648066;4833841;5019616;5205392;5391167;5576942;5762718;5948509;6134268;6320044
D2;0,086900003;0,086599998;0,092200004;0,091399997;0,0876;0,181299999;0,269600004;0,086499996;0,089699998;0,229599997;0,094899997;0,091700003;0,088500001;0,347900003;0,177399993;0,093999997;0,103699997;0,088500001;0,091600001;0,108800001;0,187999994;0,112899996;0,087099999;0,111500002;0,086800002;0,098999999;0,089400001;0,091200002;0,098999999;0,109800003;0,273999989;0,099200003;0,098999999;0,090499997;0,399199992
Time [ms];7332;193122;378914;564675;750450;936225;1122016;1307791;1493567;1679327;1865118;2050877;2236668;2422444;2608219;2793994;2979770;3165529;3351304;3537080;3722855;3908646;4094422;4280181;4465956;4651748;4837523;5023282;5209060;5394833;5580624;5766399;5952174;6137936;6323710
D3;0,1743;0,268700004;0,159299999;0,181799993;0,192100003;0,3204;0,209199995;0,191400006;0,227799997;0,173299998;0,238999993;0,290499985;0,281100005;0,193299994;0,250800014;0,275700003;0,391600013;0,189600006;0,184;0,165399998;0,155399993;0,308600008;0,173700005;0,093900003;0,169200003;0,172700003;0,197099999;0,093900003;0,165000007;0,162599996;0,093400002;0,100599997;0,190099999;0,174899995;0,204300001
Time [ms];7688;193478;379270;565031;750806;936581;1122372;1308147;1493923;1679683;1865474;2051233;2237024;2422800;2608575;2794350;2980126;3165885;3351660;3537436;3723211;3909002;4094778;4280537;4466312;4652104;4837879;5023638;5209416;5395189;5580980;5766755;5952530;6138292;6324066
D4;0,090700001;0,095600002;0,130199999;0,201199993;0,141399994;0,116499998;0,129800007;0,201499999;0,228300005;0,127900004;0,103100002;0,1303;0,248400003;0,121600002;0,109499998;0,093900003;0,109499998;0,122199997;0,0986;0,122400001;0,1646;0,1884;0,127399996;0,090899996;0,125200003;0,111100003;0,129199997;0,175999999;0,191699997;0,115500003;0,171000004;0,1162;0,1061;0,33919999;0,129899994
Time [ms];8044;193834;379626;565387;751162;936937;1122728;1308503;1494279;1680039;1865830;2051589;2237380;2423156;2608931;2794706;2980482;3166241;3352016;3537792;3723567;3909358;4095134;4280893;4466668;4652460;4838235;5023994;5209772;5395545;5581336;5767111;5952886;6138648;6324422
D5;0,168599993;0,183300003;0,126100004;0,087899998;0,237000003;0,090000004;0,314900011;0,112199999;0,196799994;0,092399999;0,245399997;0,288100004;0,121699996;0,196700007;0,112899996;0,088399999;0,111299999;0,205400005;0,255899996;0,217700005;0,146799996;0,101400003;0,091399997;0,171399996;0,1083;0,109700002;0,090899996;0,133900002;0,380100012;0,142700002;0,278100014;0,2236;0,168500006;0,089599997;0,143199995
Time [ms];8400;194190;379982;565743;751518;937293;1123084;1308859;1494635;1680395;1866186;2051945;2237736;2423512;2609287;2795062;2980838;3166597;3352372;3538148;3723923;3909714;4095490;4281249;4467024;4652815;4838591;5024350;5210128;5395901;5581692;5767467;5953242;6139004;6324778
D6;0,128299996;0,100699998;0,098999999;0,115199998;0,100500003;0,121299997;0,125;0,1171;0,138699993;0,128299996;0,1074;0,199399993;0,285400003;0,119999997;0,1162;0,121399999;0,115199998;0,101800002;0,0876;0,253600001;0,104999997;0,124899998;0,119900003;0,111400001;0,101999998;0,118799999;0,092500001;0,088200003;0,126300007;0,140699998;0,199399993;0,088299997;0,119900003;0,125;0,095799997
Time [ms];8756;194546;380338;566099;751874;937649;1123440;1309215;1494991;1680751;1866542;2052301;2238092;2423868;2609643;2795418;2981194;3166953;3352728;3538504;3724279;3910070;4095846;4281605;4467380;4653172;4838947;5024706;5210484;5396257;5582048;5767823;5953598;6139360;6325134
D7;0,174999997;0,085900001;0,126499996;0,100400001;0,098200001;0,094400004;0,157499999;0,1514;0,108400002;0,098499998;0,086999997;0,092299998;0,090800002;0,1505;0,108599998;0,118699998;0,167899996;0,101099998;0,165600002;0,096799999;0,088299997;0,297800004;0,111000001;0,350600004;0,350699991;0,087399997;0,164499998;0,086999997;0,119900003;0,172399998;0,108099997;0,129099995;0,086999997;0,198400006;0,287099987
Time [ms];9112;194902;380694;566455;752230;938005;1123796;1309571;1495347;1681107;1866898;2052657;2238448;2424224;2609999;2795774;2981550;3167309;3353084;3538860;3724635;3910426;4096202;4281961;4467736;4653528;4839303;5025062;5210840;5396613;5582404;5768179;5953954;6139716;6325490
D8;0,179100007;0,093599997;0,096600004;0,221499994;0,123599999;0,089199997;0,188600004;0,088600002;0,101400003;0,381799996;0,296700001;0,246000007;0,088699996;0,091300003;0,0977;0,314500004;0,0889;0,089100003;0,088799998;0,133599997;0,251300007;0,230599999;0,287800014;0,118500002;0,108499996;0,255699992;0,108800001;0,208000004;0,1109;0,098999999;0,089500003;0,127399996;0,089500003;0,1294;0,090000004
Time [ms];9468;195258;381050;566811;752586;938361;1124152;1309927;1495703;1681463;1867254;2053013;2238804;2424580;2610355;2796130;2981906;3167665;3353440;3539216;3724991;3910782;4096558;4282317;4468092;4653883;4839659;5025418;5211196;5396969;5582760;5768535;5954310;6140072;6325846
D9;0,124300003;0,163299993;0,180099994;0,2676;0,093000002;0,089599997;0,102799997;0,092399999;0,139899999;0,096600004;0,256500006;0,124700002;0,104400001;0,137199998;0,0867;0,217199996;0,092299998;0,121799998;0,089900002;0,139400005;0,118699998;0,088200003;0,102300003;0,241699994;0,097199999;0,296499997;0,226199999;0,116899997;0,118100002;0,283499986;0,108199999;0,132499993;0,2368;0,087899998;0,126000002
Time [ms];9824;195614;381406;567167;752942;938717;1124508;1310283;1496059;1681819;1867610;2053369;2239160;2424936;2610711;2796486;2982262;3168021;3353796;3539572;3725347;3911138;4096914;4282673;4468448;4654239;4840015;5025774;5211552;5397325;5583116;5768891;5954667;6140428;6326202
D10;0,0889;0,124600001;0,251399994;0,0889;0,110100001;0,124700002;0,088399999;0,117399998;0,088600002;0,247299999;0,095600002;0,413599998;0,090300001;0,096000001;0,196199998;0,088399999;0,095299996;0,1153;0,096500002;0,0898;0,116599999;0,107600003;0,223299995;0,089500003;0,121200003;0,157000005;0,093000002;0,097900003;0,089199997;0,245299995;0,172999993;0,092200004;0,113300003;0,109399997;0,153699994
Time [ms];10180;195970;381762;567523;753298;939073;1124864;1310639;1496415;1682175;1867966;2053725;2239516;2425292;2611067;2796842;2982618;3168377;3354152;3539928;3725703;3911494;4097270;4283029;4468804;4654596;4840371;5026130;5211908;5397681;5583472;5769247;5955023;6140784;6326558
D11;0,942099988;0,859499991;0,855199993;0,797599971;0,92930001;0,825500011;0,7949;0,906099975;0,485900015;0,424699992;0,794700027;0,799799979;0,517099977;0,800499976;0,805299997;0,768700004;0,76849997;0,783399999;0,506699979;0,773100019;0,687300026;0,761300027;0,744499981;0,773100019;0,829200029;0,84799999;0,745199978;0,751100004;0,505599976;0,765699983;0,743700027;0,750899971;0,751600027;0,747200012;0,756099999
Time [ms];10536;196326;382118;567879;753654;939429;1125220;1310995;1496771;1682531;1868322;2054081;2239872;2425648;2611423;2797198;2982974;3168733;3354508;3540284;3726059;3911850;4097626;4283385;4469160;4654952;4840727;5026486;5212264;5398037;5583828;5769603;5955378;6141140;6326914
E2;0,090499997;0,089299999;0,090000004;0,093599997;0,095399998;0,098700002;0,097599998;0,098300003;0,098700002;0,099699996;0,103600003;0,105499998;0,108999997;0,106600001;0,102799997;0,107600003;0,101000004;0,0977;0,1052;0,107799999;0,107900001;0,1105;0,1061;0,098499998;0,095600002;0,098700002;0,097900003;0,092699997;0,092299998;0,096199997;0,101800002;0,094099998;0,096600004;0,106200002;0,108999997
Time [ms];14202;199992;385784;571544;757320;943094;1128886;1314663;1500437;1686197;1871987;2057763;2243538;2429314;2615089;2800864;2986640;3172415;3358174;3543950;3729725;3915517;4101291;4287067;4472827;4658619;4844393;5030152;5215929;5401719;5587493;5773269;5959044;6144806;6330595
E3;0,090700001;0,090499997;0,0911;0,091600001;0,0933;0,095399998;0,097000003;0,100299999;0,100400001;0,101000004;0,100500003;0,104500003;0,101499997;0,100599997;0,104999997;0,104999997;0,106399998;0,106899999;0,106700003;0,107100002;0,107299998;0,106200002;0,106899999;0,1061;0,1096;0,107100002;0,108599998;0,104000002;0,098800004;0,109899998;0,109700002;0,099399999;0,097999997;0,101099998;0,098999999
Time [ms];13846;199636;385428;571188;756964;942738;1128530;1314307;1500081;1685841;1871631;2057407;2243182;2428958;2614733;2800508;2986284;3172059;3357818;3543594;3729369;3915161;4100935;4286711;4472471;4658263;4844037;5029796;5215573;5401363;5587137;5772913;5958688;6144450;6330239
E4;0,0902;0,090899996;0,096299998;0,100100003;0,109700002;0,110600002;0,104400001;0,1149;0,114100002;0,114299998;0,121699996;0,1184;0,122400001;0,128099993;0,126100004;0,123300001;0,112000003;0,112999998;0,113300003;0,125499994;0,126200005;0,125200003;0,1294;0,125400007;0,128600001;0,122599997;0,120700002;0,125499994;0,113600001;0,125599995;0,100599997;0,126900002;0,1259;0,121699996;0,1206
Time [ms];13490;199280;385072;570832;756608;942382;1128174;1313951;1499725;1685485;1871275;2057051;2242826;2428602;2614377;2800152;2985928;3171703;3357462;3543238;3729013;3914805;4100579;4286355;4472115;4657907;4843681;5029440;5215217;5401007;5586781;5772557;5958332;6144094;6329883
E5;0,088200003;0,088;0,087800004;0,089599997;0,089599997;0,0902;0,090000004;0,090300001;0,091300003;0,092500001;0,092299998;0,094700001;0,095600002;0,097999997;0,097900003;0,096500002;0,095799997;0,097400002;0,097800002;0,097199999;0,097800002;0,098399997;0,097400002;0,097999997;0,098399997;0,0973;0,0977;0,099200003;0,097599998;0,095299996;0,095399998;0,095899999;0,094899997;0,095100001;0,0955
Time [ms];13134;198924;384716;570476;756252;942026;1127818;1313595;1499369;1685129;1870919;2056695;2242470;2428246;2614021;2799796;2985572;3171347;3357106;3542882;3728657;3914449;4100223;4285999;4471759;4657551;4843325;5029084;5214861;5400651;5586425;5772201;5957976;6143738;6329527
E6;0,090999998;0,090599999;0,090899996;0,091200002;0,091899998;0,091799997;0,091399997;0,092600003;0,091600001;0,092399999;0,092600003;0,094099998;0,093099996;0,094499998;0,094499998;0,094400004;0,0933;0,092699997;0,093699999;0,0942;0,094999999;0,095700003;0,095700003;0,095700003;0,094300002;0,093800001;0,0933;0,094999999;0,095399998;0,093199998;0,094700001;0,096500002;0,096900001;0,097599998;0,097999997
Time [ms];12778;198568;384360;570120;755896;941670;1127462;1313239;1499013;1684773;1870563;2056339;2242114;2427890;2613665;2799440;2985216;3170991;3356750;3542526;3728301;3914093;4099867;4285643;4471403;4657195;4842969;5028728;5214505;5400295;5586069;5771845;5957620;6143382;6329171
E7;0,088399999;0,087899998;0,088100001;0,088799998;0,088799998;0,089000002;0,089100003;0,0898;0,090499997;0,090000004;0,089900002;0,090300001;0,090499997;0,090599999;0,090800002;0,090800002;0,090899996;0,090899996;0,090800002;0,091200002;0,090400003;0,091300003;0,090599999;0,091399997;0,091600001;0,092399999;0,092200004;0,092399999;0,092399999;0,092600003;0,092799999;0,092299998;0,092399999;0,092299998;0,092500001
Time [ms];12422;198212;384004;569764;755540;941314;1127106;1312883;1498657;1684417;1870207;2055983;2241758;2427534;2613309;2799084;2984860;3170635;3356394;3542170;3727945;3913736;4099511;4285287;4471047;4656839;4842613;5028372;5214149;5399939;5585713;5771489;5957264;6143026;6328815
E8;0,087499999;0,0876;0,087899998;0,090599999;0,089699998;0,090000004;0,089900002;0,090099998;0,090700001;0,090899996;0,090099998;0,089500003;0,0902;0,090599999;0,089900002;0,090899996;0,090700001;0,093000002;0,093500003;0,091300003;0,090999998;0,091499999;0,091700003;0,093099996;0,092100002;0,092399999;0,093099996;0,094099998;0,094300002;0,0942;0,093099996;0,093099996;0,093199998;0,093199998;0,094300002
Time [ms];12066;197856;383648;569408;755184;940958;1126750;1312527;1498301;1684061;1869851;2055627;2241402;2427178;2612953;2798728;2984504;3170279;3356038;3541814;3727589;3913381;4099155;4284931;4470691;4656483;4842257;5028016;5213793;5399583;5585357;5771133;5956908;6142670;6328459
E9;0,087800004;0,087399997;0,087099999;0,087800004;0,088200003;0,088500001;0,088600002;0,0889;0,089199997;0,089599997;0,091799997;0,092900001;0,092900001;0,092100002;0,092799999;0,091899998;0,091700003;0,091600001;0,090999998;0,090099998;0,089900002;0,091300003;0,091799997;0,092;0,092;0,092799999;0,092900001;0,0933;0,093599997;0,093500003;0,093099996;0,092900001;0,092500001;0,092699997;0,093500003
Time [ms];11710;197500;383292;569052;754828;940602;1126394;1312171;1497945;1683705;1869495;2055271;2241046;2426822;2612597;2798372;2984148;3169923;3355682;3541458;3727233;3913025;4098799;4284575;4470335;4656127;4841901;5027660;5213437;5399227;5585001;5770777;5956552;6142314;6328103
E10;0,088;0,088200003;0,088699996;0,089299999;0,0898;0,090899996;0,091300003;0,090300001;0,091200002;0,0911;0,091399997;0,092200004;0,091200002;0,090700001;0,091200002;0,091300003;0,092200004;0,091600001;0,091600001;0,093199998;0,091899998;0,0889;0,090599999;0,091200002;0,092100002;0,092399999;0,092299998;0,094899997;0,092100002;0,092399999;0,091499999;0,093099996;0,093199998;0,093800001;0,093699999
Time [ms];11354;197144;382936;568696;754472;940246;1126038;1311815;1497589;1683349;1869139;2054915;2240690;2426466;2612241;2798016;2983792;3169567;3355326;3541102;3726877;3912669;4098443;4284219;4469979;4655771;4841545;5027304;5213081;5398871;5584645;5770421;5956196;6141958;6327747
E11;0,094700001;0,094999999;0,093800001;0,094599999;0,094400004;0,094800003;0,093999997;0,094599999;0,094999999;0,0955;0,094700001;0,095700003;0,094700001;0,095899999;0,094800003;0,093999997;0,094400004;0,094099998;0,095299996;0,095100001;0,095399998;0,0955;0,094700001;0,094400004;0,0964;0,095600002;0,095899999;0,096000001;0,095799997;0,0955;0,096299998;0,0955;0,095600002;0,095200002;0,096900001
Time [ms];10998;196788;382580;568340;754116;939890;1125682;1311459;1497233;1682993;1868783;2054559;2240334;2426110;2611885;2797660;2983436;3169211;3354970;3540746;3726521;3912313;4098087;4283863;4469623;4655415;4841189;5026948;5212725;5398515;5584289;5770065;5955840;6141602;6327391
F2;0,094700001;0,091700003;0,090599999;0,098099999;0,092100002;0,095299996;0,092900001;0,099399999;0,198100001;0,091899998;0,0973;0,094499998;0,091700003;0,0933;0,092399999;0,304800004;0,093099996;0,413300008;0,0942;0,096600004;0,095600002;0,176100001;0,093400002;0,092500001;0,1021;0,092100002;0,169599995;0,163699999;0,093900003;0,0986;0,093999997;0,093699999;0,094099998;0,092900001;0,094099998
Time [ms];14664;200454;386246;572006;757782;943557;1129348;1315125;1500899;1686661;1872451;2058225;2244000;2429776;2615553;2801326;2987102;3172877;3358636;3544412;3730203;3915979;4101753;4287529;4473289;4659081;4844856;5030630;5216411;5402180;5587955;5773731;5959507;6145268;6331057
F3;0,1131;0,283600003;0,204699993;0,264299989;0,093400002;0,258899987;0,259499997;0,257200003;0,272199988;0,277700007;0,205899999;0,167500004;0,160300002;0,308600008;0,100299999;0,092900001;0,290399998;0,203600004;0,231900007;0,168899998;0,216700003;0,274399996;0,314200014;0,151899993;0,183500007;0,261900008;0,102700002;0,186299995;0,153099999;0,201700002;0,1787;0,251800001;0,150900006;0,246900007;0,1197
Time [ms];15020;200810;386602;572362;758139;943913;1129704;1315481;1501255;1687017;1872807;2058582;2244356;2430132;2615909;2801682;2987458;3173233;3358992;3544768;3730559;3916335;4102109;4287885;4473645;4659437;4845212;5030986;5216767;5402536;5588311;5774087;5959863;6145624;6331413
F4;0,107500002;0,090000004;0,198400006;0,135399997;0,132400006;0,097000003;0,092399999;0,093800001;0,119000003;0,159700006;0,115999997;0,181099996;0,090400003;0,260899991;0,232800007;0,32249999;0,115800001;0,0933;0,126800001;0,130500004;0,090800002;0,239899993;0,115999997;0,280900002;0,126499996;0,123499997;0,117299996;0,121299997;0,301699996;0,162100002;0,297899991;0,130400002;0,141599998;0,234599993;0,122400001
Time [ms];15376;201166;386958;572718;758495;944269;1130060;1315837;1501611;1687373;1873163;2058937;2244712;2430488;2616265;2802038;2987814;3173589;3359348;3545124;3730915;3916691;4102465;4288241;4474001;4659793;4845568;5031342;5217123;5402892;5588667;5774443;5960219;6145980;6331769
F5;0,128700003;0,186700001;0,088699996;0,166299999;0,143000007;0,099399999;0,185900003;0,224399999;0,125;0,193499997;0,150299996;0,170399994;0,122199997;0,273099989;0,109899998;0,222100005;0,204699993;0,1237;0,123400003;0,184200004;0,116700001;0,244599998;0,3671;0,126000002;0,117299996;0,118500002;0,2183;0,123599999;0,260800004;0,126499996;0,167400002;0,116999999;0,317900002;0,154599994;0,270900011
Time [ms];15732;201522;387314;573074;758851;944625;1130416;1316193;1501967;1687729;1873519;2059293;2245068;2430844;2616621;2802394;2988170;3173945;3359704;3545480;3731271;3917047;4102821;4288597;4474357;4660149;4845924;5031698;5217479;5403248;5589023;5774799;5960575;6146336;6332125
F6;0,134599999;0,099699996;0,091499999;0,143399999;0,158999994;0,103200004;0,301600009;0,1109;0,132400006;0,1796;0,266299993;0,140000001;0,1417;0,101499997;0,149299994;0,120899998;0,103500001;0,129299998;0,1096;0,122000001;0,318399996;0,0986;0,213499993;0,299800009;0,1237;0,148100004;0,107100002;0,088399999;0,203700006;0,116300002;0,118299998;0,122699998;0,218600005;0,1426;0,263599992
Time [ms];16088;201878;387670;573430;759207;944981;1130772;1316549;1502323;1688085;1873875;2059649;2245424;2431200;2616977;2802750;2988526;3174301;3360060;3545836;3731627;3917403;4103177;4288953;4474713;4660505;4846280;5032054;5217835;5403604;5589379;5775155;5960931;6146692;6332481
F7;0,1061;0,1017;0,088600002;0,157399997;0,136199996;0,094800003;0,092500001;0,146699995;0,089000002;0,126300007;0,216999993;0,096900001;0,252400011;0,0898;0,127000004;0,096299998;0,098099999;0,1347;0,121799998;0,108400002;0,103600003;0,107199997;0,127000004;0,106299996;0,161599994;0,124799997;0,113399997;0,364800006;0,208399996;0,112499997;0,105400003;0,255499989;0,090099998;0,090400003;0,094899997
Time [ms];16444;202234;388026;573787;759563;945337;1131128;1316905;1502679;1688441;1874231;2060005;2245780;2431556;2617333;2803106;2988882;3174657;3360416;3546192;3731983;3917759;4103533;4289309;4475069;4660861;4846636;5032410;5218191;5403960;5589735;5775511;5961287;6147048;6332837
F8;0,097199999;0,102399997;0,090700001;0,122299999;0,095799997;0,0889;0,0911;0,123800002;0,088200003;0,249799997;0,103799999;0,093599997;0,097900003;0,160999998;0,109099999;0,106700003;0,0898;0,105300002;0,270799994;0,118299998;0,216700003;0,126599997;0,275900006;0,1043;0,116599999;0,234400004;0,186800003;0,210099995;0,392399997;0,114799999;0,152999997;0,140200004;0,140799999;0,103;0,089500003
Time [ms];16800;202590;388382;574143;759919;945693;1131484;1317261;1503035;1688797;1874587;2060361;2246136;2431912;2617689;2803462;2989238;3175013;3360772;3546548;3732339;3918115;4103889;4289665;4475425;4661217;4846992;5032766;5218547;5404316;5590091;5775867;5961643;6147404;6333193
F9;0,129999995;0,134000003;0,268599987;0,287299991;0,090099998;0,141599998;0,120700002;0,099299997;0,098499998;0,097900003;0,296900004;0,102899998;0,118799999;0,115699999;0,206300005;0,092299998;0,288700014;0,112899996;0,282099992;0,116999999;0,272799999;0,111100003;0,088;0,237399995;0,134499997;0,121399999;0,089299999;0,088799998;0,129899994;0,108800001;0,291999996;0,115000002;0,092699997;0,209700003;0,126699999
Time [ms];17156;202946;388738;574499;760275;946049;1131840;1317617;1503391;1689153;1874943;2060717;2246492;2432268;2618045;2803818;2989594;3175369;3361128;3546904;3732695;3918471;4104245;4290021;4475781;4661573;4847348;5033122;5218903;5404672;5590447;5776223;5961999;6147760;6333549
F10;0,250999987;0,108400002;0,162100002;0,090899996;0,103200004;0,107000001;0,089400001;0,118600003;0,087700002;0,232700005;0,097900003;0,098200001;0,0876;0,251100004;0,102300003;0,106299996;0,2139;0,323799998;0,0876;0,100000001;0,110299997;0,198599994;0,133300006;0,152099997;0,178000003;0,195600003;0,092399999;0,287699997;0,107299998;0,096100003;0,102300003;0,115999997;0,292499989;0,1131;0,25029999
Time [ms];17512;203302;389094;574855;760631;946405;1132196;1317973;1503747;1689509;1875299;2061073;2246848;2432624;2618401;2804174;2989950;3175725;3361484;3547260;3733051;3918827;4104601;4290377;4476137;4661929;4847704;5033478;5219259;5405028;5590803;5776579;5962355;6148116;6333905
F11;0,850600004;0,828299999;0,880699992;0,871500015;0,824699998;0,837499976;0,825800002;0,905600011;0,889900029;0,833400011;0,796500027;0,855099976;0,790799975;0,823800027;0,817700028;0,779399991;0,775600016;0,759299994;0,780399978;0,854499996;0,747600019;0,759800017;0,749800026;0,824000001;0,762399971;0,755800009;0,627300024;0,794399977;0,745100021;0,74940002;0,758599997;0,506299973;0,754100025;0,739899993;0,751600027
Time [ms];17868;203658;389450;575211;760987;946761;1132552;1318329;1504103;1689865;1875655;2061429;2247204;2432980;2618757;2804530;2990306;3176081;3361840;3547616;3733407;3919183;4104957;4290733;4476493;4662285;4848060;5033834;5219615;5405384;5591159;5776935;5962711;6148472;6334261
G2;0,087200001;0,091700003;0,091200002;0,093500003;0,097900003;0,098700002;0,098800004;0,100500003;0,104000002;0,114399999;0,115500003;0,111900002;0,113700002;0,114;0,111100003;0,110399999;0,1074;0,106799997;0,104099996;0,102499999;0,107699998;0,107000001;0,110100001;0,117700003;0,102899998;0,105300002;0,115500003;0,121200003;0,112899996;0,108400002;0,108099997;0,108099997;0,104900002;0,108400002;0,115800001
Time [ms];21535;207323;393117;578877;764653;950427;1136218;1321995;1507769;1693531;1879321;2065096;2250871;2436647;2622423;2808196;2993973;3179748;3365506;3551297;3737074;3922849;4108625;4294399;4480158;4665951;4851726;5037502;5223281;5409050;5594825;5780601;5966378;6152139;6337927
G3;0,092699997;0,098700002;0,103200004;0,112499997;0,115800001;0,114;0,115800001;0,109200001;0,115000002;0,111599997;0,111900002;0,117799997;0,118299998;0,115099996;0,107000001;0,110100001;0,113899998;0,115500003;0,115900002;0,107100002;0,112000003;0,1065;0,114399999;0,113200001;0,110699996;0,114200003;0,1118;0,1171;0,117700003;0,113899998;0,113799997;0,1131;0,111500002;0,116999999;0,113300003
Time [ms];21179;206967;392761;578521;764297;950071;1135862;1321639;1507413;1693175;1878965;2064740;2250516;2436291;2622067;2807840;2993617;3179392;3365150;3550941;3736718;3922493;4108269;4294043;4479802;4665595;4851370;5037146;5222925;5408694;5594469;5780245;5966022;6151783;6337571
G4;0,095899999;0,102499999;0,109499998;0,113799997;0,117600001;0,119400002;0,121299997;0,116400003;0,118299998;0,120300002;0,117799997;0,120499998;0,118199997;0,118000001;0,117799997;0,117299996;0,118000001;0,112999998;0,114200003;0,114600003;0,115900002;0,113700002;0,115500003;0,1171;0,115599997;0,114299998;0,112899996;0,115199998;0,1153;0,115599997;0,116099998;0,119800001;0,119999997;0,118100002;0,116499998
Time [ms];20823;206611;392405;578165;763941;949715;1135506;1321283;1507056;1692819;1878609;2064384;2250159;2435935;2621711;2807484;2993261;3179036;3364794;3550585;3736362;3922137;4107913;4293687;4479446;4665239;4851014;5036790;5222569;5408338;5594113;5779889;5965666;6151427;6337215
G5;0,090599999;0,089100003;0,089199997;0,090000004;0,090700001;0,090700001;0,090899996;0,091799997;0,092699997;0,091700003;0,093199998;0,095299996;0,093699999;0,091300003;0,090800002;0,093800001;0,0933;0,093400002;0,093199998;0,095899999;0,092699997;0,095700003;0,093999997;0,095200002;0,093999997;0,095200002;0,094300002;0,093999997;0,093000002;0,092799999;0,092399999;0,0942;0,094300002;0,097199999;0,094899997
Time [ms];20467;206255;392049;577809;763585;949359;1135150;1320927;1506701;1692463;1878253;2064028;2249803;2435579;2621355;2807128;2992905;3178680;3364438;3550229;3736006;3921781;4107557;4293331;4479090;4664883;4850658;5036434;5222213;5407982;5593757;5779533;5965310;6151071;6336859
G6;0,0867;0,0867;0,087800004;0,088600002;0,089100003;0,089699998;0,090099998;0,088299997;0,090499997;0,090599999;0,089299999;0,093500003;0,090400003;0,092600003;0,093699999;0,091499999;0,092900001;0,091300003;0,093400002;0,0942;0,095200002;0,093599997;0,094300002;0,092699997;0,093400002;0,092699997;0,0955;0,093199998;0,093900003;0,090899996;0,094700001;0,098999999;0,093999997;0,0933;0,095399998
Time [ms];20111;205899;391693;577453;763229;949003;1134794;1320571;1506344;1692107;1877897;2063672;2249447;2435223;2620999;2806772;2992549;3178324;3364082;3549873;3735650;3921425;4107201;4292975;4478734;4664527;4850302;5036078;5221857;5407626;5593401;5779177;5964954;6150715;6336503
G7;0,0867;0,086800002;0,0876;0,088;0,088100001;0,088500001;0,088399999;0,089100003;0,0898;0,089299999;0,089000002;0,089500003;0,090300001;0,089699998;0,090099998;0,090400003;0,089400001;0,091300003;0,0911;0,0911;0,090499997;0,090000004;0,091499999;0,091700003;0,091399997;0,0902;0,094899997;0,091600001;0,091700003;0,091600001;0,092299998;0,091399997;0,092600003;0,092900001;0,093800001
Time [ms];19755;205543;391337;577097;762873;948647;1134438;1320215;1505988;1691751;1877541;2063316;2249091;2434867;2620643;2806416;2992193;3177968;3363726;3549517;3735294;3921069;4106845;4292619;4478378;4664171;4849946;5035722;5221501;5407270;5593045;5778821;5964598;6150359;6336147
G8;0,086599998;0,086499996;0,0867;0,087200001;0,0876;0,088100001;0,088100001;0,088200003;0,088299997;0,089000002;0,089100003;0,0898;0,089500003;0,089900002;0,089400001;0,089400001;0,089599997;0,090000004;0,0902;0,090499997;0,090300001;0,0911;0,090800002;0,089900002;0,088799998;0,090499997;0,089699998;0,089500003;0,091399997;0,091600001;0,091899998;0,091700003;0,092200004;0,092399999;0,093199998
Time [ms];19399;205187;390981;576741;762517;948291;1134082;1319859;1505633;1691395;1877185;2062960;2248735;2434511;2620287;2806060;2991837;3177612;3363370;3549161;3734938;3920713;4106489;4292263;4478022;4663815;4849590;5035366;5221145;5406914;5592689;5778465;5964242;6150003;6335791
G9;0,085600004;0,085900001;0,085900001;0,086199999;0,086999997;0,086999997;0,087700002;0,0876;0,088200003;0,088699996;0,088699996;0,0902;0,089199997;0,089199997;0,089400001;0,090499997;0,090999998;0,091399997;0,090599999;0,091499999;0,091799997;0,091300003;0,092;0,091499999;0,091200002;0,091300003;0,091200002;0,092200004;0,092500001;0,093500003;0,094400004;0,093500003;0,092500001;0,092900001;0,093599997
Time [ms];19043;204831;390625;576385;762161;947935;1133726;1319503;1505277;1691039;1876829;2062604;2248379;2434155;2619931;2805704;2991481;3177256;3363014;3548805;3734582;3920357;4106133;4291907;4477666;4663459;4849234;5035010;5220789;5406558;5592333;5778109;5963886;6149647;6335435
G10;0,086599998;0,086000003;0,087399997;0,087899998;0,088299997;0,088399999;0,089400001;0,088699996;0,088399999;0,089100003;0,090700001;0,090400003;0,089900002;0,090499997;0,091200002;0,089900002;0,089699998;0,090300001;0,090300001;0,090899996;0,092799999;0,092500001;0,091300003;0,092699997;0,093099996;0,091600001;0,091499999;0,090999998;0,093900003;0,093800001;0,094300002;0,092200004;0,092900001;0,093900003;0,095799997
Time [ms];18687;204475;390269;576029;761805;947579;1133370;1319147;1504920;1690683;1876473;2062248;2248023;2433798;2619575;2805348;2991125;3176900;3362658;3548449;3734226;3920001;4105777;4291551;4477310;4663103;4848878;5034654;5220433;5406202;5591977;5777753;5963530;6149291;6335079
G11;0,083800003;0,087800004;0,084200002;0,084899999;0,084799998;0,0854;0,084899999;0,085600004;0,087399997;0,086499996;0,086099997;0,085500002;0,086199999;0,0867;0,087200001;0,087300003;0,087499999;0,087099999;0,088399999;0,087099999;0,087700002;0,088100001;0,089699998;0,089000002;0,088699996;0,088399999;0,088299997;0,088799998;0,088399999;0,088299997;0,0889;0,089000002;0,088200003;0,088200003;0,088200003
Time [ms];18331;204119;389913;575673;761449;947223;1133014;1318791;1504564;1690327;1876117;2061892;2247667;2433442;2619219;2804992;2990769;3176544;3362302;3548093;3733870;3919645;4105421;4291195;4476954;4662747;4848522;5034298;5220077;5405846;5591621;5777397;5963174;6148935;6334723
;;;;;;;;;;;;;;;;;;;;;;;;;;;;;;;;;;;
RFU_red;;;;;;;;;;;;;;;;;;;;;;;;;;;;;;;;;;;
Cycle Nr.;1;2;3;4;5;6;7;8;9;10;11;12;13;14;15;16;17;18;19;20;21;22;23;24;25;26;27;28;29;30;31;32;33;34;35
Temp. [캜];37,1;36,9;36,9;36,9;37,2;36,9;37,2;37,1;36,9;37;37,3;37;37;37,4;36,9;37,2;37;37,1;37;37,2;37,2;37,1;37,2;37;37,2;37,2;37,1;37,1;37,1;37,1;37,1;36,9;37;37,1;37,2
B2;198;201;202;200;200;202;207;202;206;203;199;198;199;205;200;201;197;199;200;195;200;199;203;200;194;196;198;197;197;198;200;194;197;196;197
Time [ms];0;185801;371561;557337;743112;928888;1114663;1300438;1486214;1671989;1857765;2043555;2229315;2415091;2600866;2786641;2972416;3158192;3343967;3529742;3715518;3901293;4087068;4272844;4458619;4644394;4830170;5015961;5201736;5387496;5573271;5759046;5944821;6130612;6316372
B3;218;201;201;204;200;200;203;201;197;198;200;201;198;199;202;202;200;199;201;201;197;201;204;196;195;206;199;206;201;197;199;195;198;194;196
Time [ms];356;186157;371917;557693;743468;929243;1115019;1300794;1486570;1672345;1858121;2043911;2229671;2415446;2601222;2786997;2972772;3158548;3344323;3530098;3715874;3901649;4087424;4273200;4458975;4644750;4830526;5016317;5202092;5387852;5573627;5759402;5945177;6130968;6316728
B4;199;195;195;202;199;199;201;196;199;199;203;193;198;201;197;199;197;198;198;198;199;200;202;199;194;196;196;200;197;196;200;193;194;196;205
Time [ms];712;186513;372273;558048;743824;929599;1115375;1301150;1486926;1672701;1858476;2044267;2230027;2415802;2601578;2787353;2973128;3158904;3344679;3530454;3716230;3902005;4087780;4273556;4459331;4645106;4830882;5016673;5202448;5388207;5573982;5759758;5945533;6131324;6317084
B5;209;210;213;209;203;210;208;205;212;209;207;203;207;210;207;206;208;209;203;205;202;218;208;201;206;217;203;208;200;204;202;203;202;203;221
Time [ms];1068;186869;372629;558404;744180;929955;1115731;1301506;1487281;1673057;1858832;2044623;2230383;2416158;2601934;2787709;2973484;3159260;3345035;3530810;3716585;3902361;4088136;4273911;4459687;4645462;4831238;5017028;5202804;5388563;5574338;5760114;5945889;6131680;6317439
B6;216;209;208;206;209;214;206;213;207;201;205;222;208;201;202;207;204;202;207;203;204;208;203;202;201;204;203;206;204;208;204;201;202;200;201
Time [ms];1424;187225;372985;558760;744536;930311;1116087;1301862;1487637;1673413;1859188;2044979;2230739;2416514;2602290;2788065;2973840;3159616;3345391;3531166;3716941;3902717;4088492;4274267;4460042;4645818;4831593;5017384;5203159;5388919;5574694;5760470;5946245;6132036;6317795
B7;202;200;205;203;199;205;201;200;199;208;202;200;216;198;198;198;198;196;194;198;198;197;194;197;200;199;196;200;197;197;210;198;199;199;194
Time [ms];1780;187581;373341;559116;744892;930667;1116443;1302218;1487993;1673769;1859544;2045335;2231095;2416870;2602646;2788421;2974196;3159971;3345747;3531522;3717297;3903072;4088848;4274623;4460398;4646174;4831949;5017740;5203515;5389275;5575050;5760826;5946601;6132392;6318151
B8;204;196;194;194;201;198;199;197;206;212;201;193;197;192;193;195;203;195;192;196;205;193;195;195;189;191;194;194;197;192;200;195;191;189;191
Time [ms];2135;187937;373697;559472;745248;931023;1116799;1302574;1488349;1674124;1859900;2045691;2231451;2417226;2603001;2788777;2974552;3160327;3346103;3531878;3717653;3903428;4089204;4274979;4460754;4646530;4832305;5018096;5203871;5389631;5575406;5761182;5946957;6132748;6318507
B9;204;206;198;198;201;203;203;201;212;196;210;200;208;195;198;214;193;195;197;197;194;195;199;201;194;196;198;198;206;196;195;196;193;194;211
Time [ms];2491;188293;374053;559828;745604;931379;1117155;1302929;1488705;1674480;1860256;2046047;2231806;2417582;2603357;2789133;2974907;3160683;3346459;3532234;3718009;3903784;4089560;4275335;4461110;4646886;4832661;5018452;5204227;5389987;5575762;5761538;5947313;6133104;6318863
B10;205;217;213;203;215;209;217;212;205;207;210;205;205;221;204;205;213;204;208;211;202;202;206;201;202;202;199;204;198;197;202;208;200;213;202
Time [ms];2847;188649;374409;560184;745960;931735;1117510;1303285;1489061;1674836;1860612;2046403;2232162;2417938;2603713;2789489;2975263;3161039;3346814;3532590;3718365;3904140;4089916;4275691;4461466;4647241;4833017;5018808;5204583;5390343;5576118;5761893;5947668;6133459;6319219
B11;430;455;418;417;419;410;420;415;410;404;386;398;401;387;373;371;370;380;374;371;373;371;367;364;354;361;372;368;365;350;363;358;352;347;361
Time [ms];3203;189005;374764;560540;746315;932091;1117866;1303641;1489417;1675192;1860968;2046758;2232518;2418293;2604069;2789845;2975619;3161395;3347170;3532946;3718721;3904496;4090271;4276047;4461822;4647597;4833373;5019164;5204939;5390699;5576474;5762249;5948024;6133815;6319575
C2;194;193;196;193;193;196;194;194;192;195;192;193;194;192;190;190;193;194;194;193;190;189;191;191;188;188;188;194;190;189;190;187;189;194;189
Time [ms];6882;192683;378457;564233;750008;935784;1121559;1307334;1493109;1678870;1864660;2050437;2236211;2421987;2607762;2793537;2979312;3165088;3350863;3536639;3722414;3908189;4093964;4279724;4465499;4651290;4837066;5022842;5208616;5394375;5580167;5765942;5951718;6137492;6323252
C3;190;188;189;195;190;188;190;193;190;188;186;187;190;193;187;189;189;186;188;190;192;191;187;190;187;187;186;186;190;187;187;187;185;190;188
Time [ms];6526;192327;378101;563877;749652;935428;1121203;1306978;1492754;1678514;1864304;2050081;2235855;2421631;2607406;2793181;2978956;3164732;3350507;3536283;3722058;3907833;4093608;4279368;4465143;4650934;4836710;5022486;5208260;5394020;5579811;5765586;5951362;6137136;6322897
C4;191;188;186;187;186;188;189;184;186;188;189;191;189;186;187;186;186;186;190;187;185;190;185;181;189;184;184;187;184;184;183;186;187;182;188
Time [ms];6170;191971;377745;563521;749296;935072;1120847;1306623;1492398;1678158;1863948;2049725;2235499;2421275;2607050;2792825;2978601;3164376;3350151;3535927;3721702;3907477;4093253;4279012;4464788;4650578;4836354;5022130;5207904;5393664;5579455;5765230;5951006;6136780;6322541
C5;189;191;192;190;192;192;189;191;189;193;191;189;188;187;190;192;188;187;191;189;191;191;189;186;182;187;188;190;188;192;187;188;186;188;185
Time [ms];5814;191615;377390;563165;748941;934716;1120491;1306267;1492042;1677802;1863593;2049369;2235143;2420919;2606694;2792469;2978245;3164020;3349796;3535571;3721346;3907121;4092897;4278656;4464432;4650223;4835998;5021774;5207548;5393308;5579099;5764874;5950650;6136424;6322185
C6;187;189;186;190;187;188;187;186;189;187;186;186;188;190;187;187;185;188;187;188;186;188;186;186;187;187;183;184;186;184;184;185;186;185;186
Time [ms];5458;191259;377034;562809;748585;934360;1120135;1305911;1491686;1677446;1863237;2049013;2234787;2420563;2606338;2792113;2977889;3163664;3349440;3535215;3720990;3906765;4092541;4278300;4464076;4649867;4835642;5021418;5207193;5392952;5578743;5764519;5950294;6136068;6321829
C7;187;188;185;185;184;187;188;185;188;188;185;190;186;184;187;188;184;181;181;185;186;186;181;185;184;185;185;183;185;186;185;183;182;182;185
Time [ms];5102;190903;376678;562453;748229;934004;1119780;1305555;1491330;1677090;1862881;2048658;2234432;2420207;2605982;2791758;2977533;3163308;3349084;3534859;3720634;3906410;4092185;4277945;4463720;4649511;4835286;5021063;5206837;5392596;5578387;5764163;5949938;6135713;6321473
C8;183;184;186;187;185;186;182;185;186;183;186;184;181;184;185;183;185;184;184;182;183;183;178;183;182;183;185;181;180;184;182;181;184;184;179
Time [ms];4746;190548;376322;562097;747873;933648;1119424;1305199;1490974;1676734;1862525;2048302;2234076;2419851;2605626;2791402;2977177;3162952;3348728;3534503;3720278;3906054;4091829;4277589;4463364;4649155;4834930;5020707;5206481;5392240;5578032;5763807;5949582;6135357;6321117
C9;186;186;187;185;185;187;188;187;186;185;186;185;185;184;187;183;185;185;188;183;185;183;184;184;185;183;182;183;183;183;184;184;185;185;183
Time [ms];4391;190192;375966;561742;747517;933292;1119068;1304843;1490618;1676378;1862169;2047946;2233720;2419495;2605271;2791046;2976821;3162596;3348372;3534147;3719923;3905698;4091473;4277233;4463008;4648799;4834574;5020351;5206125;5391884;5577676;5763451;5949226;6135001;6320761
C10;188;186;188;190;188;190;187;189;186;187;187;186;188;184;188;186;184;187;185;186;192;184;186;188;186;185;184;186;183;184;184;187;187;186;185
Time [ms];4035;189836;375610;561386;747161;932936;1118712;1304487;1490262;1676022;1861813;2047590;2233364;2419139;2604915;2790690;2976465;3162241;3348016;3533791;3719567;3905342;4091117;4276877;4462652;4648443;4834218;5019995;5205769;5391528;5577320;5763095;5948870;6134645;6320405
C11;186;186;189;189;189;192;193;189;190;187;190;190;190;190;189;187;189;188;185;185;188;190;188;186;187;187;189;190;185;188;184;185;186;187;186
Time [ms];3679;189480;375254;561030;746805;932580;1118356;1304131;1489907;1675666;1861457;2047234;2233008;2418783;2604559;2790334;2976109;3161885;3347660;3533435;3719211;3904986;4090761;4276521;4462296;4648087;4833863;5019639;5205413;5391172;5576964;5762739;5948514;6134289;6320049
D2;246;217;222;216;226;214;214;214;213;226;211;215;221;219;217;221;214;218;209;214;212;214;209;209;210;209;212;215;212;214;214;213;215;215;220
Time [ms];7357;193157;378932;564708;750483;936260;1122033;1307809;1493584;1679348;1865137;2050913;2236685;2422460;2608238;2794012;2979786;3165563;3351338;3537115;3722888;3908665;4094439;4280203;4465986;4651765;4837541;5023316;5209090;5394854;5580643;5766426;5952192;6137966;6323731
D3;237;237;230;231;234;238;230;231;240;230;230;229;221;221;229;220;219;224;227;223;229;221;221;229;220;225;227;224;227;222;233;230;227;223;230
Time [ms];7713;193513;379287;565064;750839;936615;1122388;1308165;1493940;1679704;1865493;2051269;2237041;2422816;2608593;2794368;2980142;3165919;3351694;3537470;3723244;3909021;4094795;4280558;4466342;4652121;4837897;5023672;5209446;5395210;5580999;5766782;5952548;6138322;6324087
D4;219;218;225;234;224;224;246;222;230;223;222;219;230;221;224;226;217;221;227;225;218;219;225;220;222;221;215;222;219;220;227;226;220;221;220
Time [ms];8069;193869;379643;565420;751195;936971;1122744;1308521;1494296;1680059;1865848;2051625;2237396;2423172;2608949;2794723;2980498;3166275;3352049;3537826;3723600;3909377;4095151;4280914;4466698;4652477;4838252;5024028;5209802;5395566;5581355;5767138;5952904;6138677;6324443
D5;227;227;249;241;225;224;234;229;219;223;226;247;231;214;232;224;231;221;225;228;237;220;222;220;216;224;226;221;220;229;224;229;239;222;255
Time [ms];8424;194225;379999;565776;751551;937327;1123100;1308877;1494652;1680415;1866204;2051981;2237752;2423528;2609305;2795079;2980854;3166631;3352405;3538182;3723956;3909733;4095506;4281270;4467054;4652833;4838608;5024384;5210158;5395922;5581711;5767493;5953260;6139033;6324798
D6;214;217;216;233;213;221;231;232;231;213;225;212;215;230;215;214;218;211;215;215;220;215;213;212;216;214;211;209;215;227;214;214;217;219;216
Time [ms];8780;194580;380355;566132;751907;937683;1123456;1309233;1495008;1680771;1866560;2052337;2238108;2423884;2609661;2795435;2981210;3166987;3352761;3538538;3724312;3910089;4095862;4281626;4467410;4653189;4838964;5024740;5210514;5396278;5582066;5767849;5953616;6139389;6325154
D7;211;230;240;218;212;228;221;211;215;218;216;208;218;224;217;209;215;224;208;211;216;211;225;210;218;210;211;211;214;216;213;217;221;217;217
Time [ms];9136;194936;380711;566488;752263;938039;1123812;1309589;1495364;1681127;1866916;2052693;2238464;2424240;2610017;2795791;2981566;3167342;3353117;3538894;3724668;3910445;4096218;4281982;4467766;4653545;4839320;5025096;5210870;5396634;5582422;5768205;5953971;6139745;6325510
D8;208;202;226;221;213;211;210;209;210;212;221;208;203;207;209;208;207;213;208;204;206;214;205;207;205;217;211;206;219;209;209;206;212;218;209
Time [ms];9492;195292;381067;566844;752619;938395;1124168;1309945;1495720;1681483;1867272;2053049;2238820;2424596;2610373;2796147;2981922;3167698;3353473;3539250;3725024;3910801;4096574;4282338;4468122;4653901;4839676;5025452;5211226;5396990;5582778;5768561;5954327;6140101;6325866
D9;216;223;222;216;219;215;214;216;212;217;215;214;215;211;213;213;217;219;216;225;214;216;213;219;214;215;214;215;222;215;217;215;216;219;217
Time [ms];9848;195648;381423;567200;752975;938751;1124524;1310301;1496076;1681839;1867628;2053404;2239176;2424952;2610729;2796503;2982277;3168054;3353829;3539606;3725380;3911157;4096930;4282694;4468478;4654257;4840032;5025808;5211582;5397345;5583134;5768917;5954683;6140457;6326222
D10;221;243;220;220;221;217;220;216;220;233;230;226;230;210;221;212;217;216;215;220;213;213;225;220;216;213;216;217;219;224;214;222;218;220;218
Time [ms];10204;196004;381779;567556;753330;939107;1124880;1310657;1496432;1682195;1867984;2053760;2239532;2425308;2611085;2796859;2982633;3168410;3354185;3539962;3725735;3911513;4097286;4283050;4468833;4654612;4840388;5026164;5211938;5397701;5583490;5769273;5955039;6140813;6326578
D11;22359;20378;17960;18575;16919;18915;16947;19024;17405;16489;16990;16674;15562;15184;14260;13269;15338;15792;13234;13987;13933;13162;13209;14569;14522;12869;13571;11854;14249;12085;13918;12966;12432;13428;13622
Time [ms];10560;196360;382135;567912;753686;939463;1125236;1311012;1496787;1682551;1868340;2054116;2239888;2425663;2611441;2797215;2982989;3168766;3354541;3540317;3726091;3911868;4097642;4283406;4469189;4654968;4840744;5026519;5212293;5398057;5583846;5769629;5955395;6141169;6326934
E2;215;213;216;215;213;213;209;214;209;214;216;211;211;209;217;206;212;210;210;211;210;209;210;207;210;211;212;211;210;213;214;211;211;215;215
Time [ms];14236;200038;385811;571590;757364;943140;1128914;1314691;1500467;1686232;1872017;2058446;2243566;2429342;2615119;2800892;2986667;3172445;3358218;3543995;3729769;3915545;4101318;4287087;4472869;4658648;4844421;5030197;5215972;5401739;5587523;5773305;5959073;6144847;6330615
E3;206;206;206;204;206;205;205;203;205;201;203;208;205;205;205;203;202;207;203;201;205;204;205;205;205;208;202;205;206;202;205;209;207;206;211
Time [ms];13881;199682;385455;571234;757008;942784;1128558;1314335;1500111;1685876;1871662;2058090;2243210;2428987;2614763;2800536;2986312;3172089;3357862;3543639;3729413;3915189;4100962;4286731;4472513;4658292;4844065;5029841;5215616;5401383;5587167;5772949;5958717;6144491;6330259
E4;206;203;200;204;204;200;200;201;203;204;199;203;202;201;198;199;203;200;202;201;201;203;202;202;201;205;202;202;200;202;204;205;206;202;206
Time [ms];13525;199326;385099;570878;756652;942428;1128202;1313979;1499755;1685520;1871306;2057734;2242854;2428631;2614407;2800181;2985956;3171733;3357506;3543283;3729057;3914833;4100607;4286375;4472157;4657936;4843709;5029485;5215260;5401027;5586811;5772594;5958361;6144136;6329903
E5;205;204;203;203;200;204;200;201;201;202;203;201;199;197;200;197;201;195;198;198;199;197;203;199;202;201;200;200;200;202;201;201;204;205;205
Time [ms];13169;198970;384743;570523;756296;942072;1127846;1313623;1499399;1685165;1870950;2057378;2242498;2428275;2614051;2799825;2985600;3171377;3357150;3542927;3728701;3914477;4100251;4286019;4471801;4657580;4843353;5029129;5214904;5400671;5586455;5772238;5958005;6143780;6329548
E6;214;209;208;211;207;212;207;207;209;204;206;206;210;205;208;206;206;207;206;207;206;207;210;206;208;206;207;208;214;206;211;208;211;211;214
Time [ms];12813;198614;384387;570167;755940;941716;1127490;1313267;1499043;1684809;1870594;2057023;2242142;2427919;2613695;2799469;2985244;3171021;3356794;3542571;3728345;3914122;4099895;4285663;4471445;4657224;4842998;5028773;5214548;5400315;5586099;5771882;5957649;6143424;6329192
E7;204;198;202;203;198;202;200;200;199;199;199;199;200;199;199;199;201;199;203;197;201;202;199;199;201;205;202;199;202;201;205;204;206;206;204
Time [ms];12457;198258;384031;569811;755584;941361;1127134;1312911;1498687;1684453;1870238;2056667;2241786;2427563;2613339;2799113;2984888;3170665;3356439;3542216;3727990;3913766;4099539;4285308;4471090;4656868;4842642;5028418;5214192;5399959;5585743;5771526;5957293;6143068;6328836
E8;203;201;200;202;200;197;201;202;201;198;198;199;199;198;202;196;198;199;200;195;198;199;200;201;195;199;198;199;200;199;204;202;200;204;203
Time [ms];12101;197903;383675;569455;755228;941005;1126778;1312555;1498331;1684097;1869882;2056311;2241430;2427207;2612983;2798757;2984532;3170309;3356083;3541860;3727634;3913410;4099183;4284952;4470734;4656513;4842286;5028062;5213836;5399603;5585388;5771170;5956937;6142712;6328480
E9;201;200;201;197;204;200;201;199;200;200;200;201;201;199;198;198;198;201;198;199;201;198;201;199;199;200;198;198;201;197;203;200;199;207;201
Time [ms];11745;197547;383319;569099;754872;940649;1126422;1312199;1497975;1683741;1869526;2055955;2241075;2426851;2612627;2798401;2984176;3169953;3355727;3541504;3727278;3913054;4098827;4284596;4470378;4656157;4841930;5027706;5213480;5399247;5585032;5770814;5956581;6142356;6328124
E10;202;204;200;202;202;199;201;199;203;200;199;201;200;199;201;199;200;196;196;198;202;198;200;200;200;199;200;203;198;206;200;202;202;203;203
Time [ms];11389;197191;382964;568743;754517;940293;1126067;1311844;1497619;1683385;1869170;2055599;2240719;2426495;2612272;2798045;2983820;3169597;3355371;3541148;3726922;3912698;4098471;4284240;4470022;4655801;4841574;5027350;5213125;5398892;5584676;5770458;5956225;6142000;6327768
E11;188;189;189;188;187;188;191;190;191;191;192;191;188;190;191;189;189;188;186;193;191;189;185;188;186;187;191;186;187;187;188;186;188;186;186
Time [ms];11033;196835;382608;568387;754161;939937;1125711;1311488;1497263;1683029;1868814;2055243;2240363;2426139;2611916;2797689;2983464;3169242;3355015;3540792;3726566;3912342;4098115;4283884;4469666;4655445;4841218;5026994;5212769;5398536;5584320;5770102;5955870;6141644;6327412
F2;213;219;228;248;226;227;218;212;222;214;215;217;211;213;212;213;217;220;215;211;217;217;208;211;210;214;214;217;211;209;223;211;230;211;209
Time [ms];14712;200514;386286;572066;757839;943614;1129389;1315165;1500942;1686706;1872492;2058921;2244041;2429818;2615593;2801368;2987143;3172919;3358692;3544471;3730244;3916020;4101794;4287565;4473344;4659123;4844895;5030672;5216447;5402217;5587997;5773780;5959548;6145322;6331094
F3;235;240;223;226;240;231;223;214;206;218;222;216;223;208;214;211;226;212;214;216;220;207;207;217;208;210;215;210;202;220;206;215;210;211;214
Time [ms];15068;200870;386642;572422;758195;943970;1129745;1315521;1501298;1687062;1872848;2059277;2244397;2430174;2615949;2801724;2987498;3173275;3359047;3544827;3730600;3916375;4102149;4287921;4473700;4659478;4845251;5031028;5216803;5402573;5588353;5774136;5959904;6145678;6331449
F4;227;228;238;233;249;223;265;233;221;228;221;221;216;234;226;220;230;223;217;221;218;229;228;214;221;210;219;223;216;213;211;224;218;222;221
Time [ms];15424;201225;386997;572778;758550;944326;1130101;1315877;1501654;1687418;1873204;2059633;2244753;2430530;2616305;2802080;2987854;3173631;3359403;3545182;3730956;3916731;4102505;4288277;4474056;4659834;4845607;5031384;5217159;5402929;5588708;5774492;5960260;6146034;6331805
F5;388;262;289;337;272;449;388;393;241;342;279;425;407;215;276;367;426;334;366;236;412;323;258;315;276;213;397;252;426;343;408;313;279;331;255
Time [ms];15780;201581;387353;573134;758906;944682;1130457;1316233;1502009;1687774;1873560;2059989;2245109;2430886;2616661;2802435;2988210;3173987;3359759;3545538;3731312;3917087;4102861;4288633;4474411;4660190;4845963;5031740;5217515;5403285;5589064;5774848;5960615;6146390;6332161
F6;252;250;251;254;255;254;248;246;262;242;245;244;237;239;234;238;239;255;236;239;237;240;235;235;228;235;237;193;238;240;242;242;241;207;212
Time [ms];16136;201937;387709;573490;759262;945038;1130813;1316589;1502365;1688130;1873916;2060345;2245465;2431242;2617017;2802791;2988566;3174342;3360115;3545894;3731668;3917443;4103217;4288989;4474767;4660546;4846319;5032096;5217871;5403641;5589420;5775204;5960971;6146746;6332517
F7;209;197;204;221;204;209;214;201;202;205;205;204;212;215;198;211;196;200;202;202;201;199;200;204;197;220;197;195;209;204;201;210;209;198;197
Time [ms];16492;202293;388065;573845;759618;945393;1131168;1316945;1502721;1688486;1874272;2060700;2245821;2431597;2617373;2803147;2988922;3174698;3360471;3546250;3732024;3917799;4103573;4289345;4475123;4660902;4846674;5032452;5218227;5403997;5589776;5775560;5961327;6147102;6332873
F8;242;195;206;195;201;209;218;214;195;231;198;208;203;196;196;195;216;219;196;198;205;205;220;201;202;201;204;205;199;197;221;196;194;194;201
Time [ms];16848;202649;388421;574201;759974;945749;1131524;1317301;1503077;1688842;1874628;2061056;2246177;2431953;2617729;2803503;2989278;3175054;3360827;3546606;3732380;3918155;4103929;4289701;4475479;4661258;4847030;5032807;5218583;5404353;5590132;5775916;5961683;6147458;6333229
F9;197;197;201;200;200;219;204;195;207;202;202;197;200;200;198;200;194;199;196;211;214;205;198;205;197;197;199;197;205;197;197;208;202;196;210
Time [ms];17204;203005;388777;574557;760330;946105;1131880;1317657;1503433;1689197;1874984;2061412;2246533;2432309;2618084;2803859;2989634;3175410;3361183;3546962;3732736;3918511;4104285;4290057;4475835;4661614;4847386;5033163;5218939;5404709;5590488;5776271;5962039;6147814;6333585
F10;196;203;198;200;214;203;219;200;206;208;207;203;211;211;213;201;199;201;202;195;198;203;209;195;198;209;197;196;197;197;203;201;201;203;193
Time [ms];17560;203361;389133;574913;760686;946461;1132236;1318012;1503789;1689553;1875340;2061768;2246889;2432665;2618440;2804215;2989990;3175766;3361539;3547318;3733091;3918867;4104641;4290412;4476191;4661970;4847742;5033519;5219294;5405064;5590844;5776627;5962395;6148170;6333941
F11;427;436;426;410;409;430;425;420;389;413;397;387;380;397;395;391;391;387;386;373;387;355;374;377;354;364;346;372;373;374;348;361;369;373;346
Time [ms];17916;203717;389489;575269;761042;946817;1132592;1318368;1504145;1689909;1875695;2062124;2247244;2433021;2618796;2804571;2990346;3176122;3361895;3547674;3733447;3919223;4104997;4290768;4476547;4662326;4848098;5033875;5219650;5405420;5591200;5776983;5962751;6148525;6334297
G2;192;194;193;190;196;194;190;192;193;192;193;193;190;188;191;191;198;190;192;190;189;190;188;189;189;192;192;191;190;192;189;188;192;187;191
Time [ms];21594;207396;393166;578946;764720;950495;1136270;1322046;1507822;1693595;1879375;2065802;2250923;2436699;2622475;2808251;2994024;3179799;3365573;3551352;3737126;3922901;4108675;4294456;4480223;4666003;4851776;5037554;5223329;5409102;5594877;5780661;5966430;6152203;6337976
G3;219;236;251;314;324;311;303;210;302;200;240;279;276;285;283;240;294;295;283;200;195;197;189;194;193;192;198;194;195;195;193;195;194;193;193
Time [ms];21238;207040;392811;578590;764365;950139;1135914;1321690;1507466;1693239;1879019;2065446;2250567;2436343;2622119;2807895;2993668;3179443;3365217;3550996;3736770;3922545;4108319;4294100;4479867;4665647;4851420;5037198;5222973;5408746;5594522;5780306;5966074;6151847;6337620
G4;200;198;201;200;200;201;200;192;193;193;195;193;193;194;196;192;194;189;195;195;189;194;193;192;194;191;192;192;188;194;192;191;188;189;189
Time [ms];20882;206684;392455;578234;764009;949783;1135558;1321334;1507110;1692883;1878663;2065090;2250211;2435987;2621763;2807539;2993312;3179087;3364861;3550640;3736414;3922189;4107963;4293744;4479512;4665291;4851064;5036842;5222618;5408390;5594166;5779950;5965718;6151491;6337264
G5;185;183;186;186;187;188;184;185;190;189;189;190;189;189;189;186;185;185;185;182;184;186;186;184;185;181;183;185;184;182;185;185;186;184;185
Time [ms];20527;206328;392099;577878;763653;949428;1135202;1320978;1506754;1692528;1878307;2064734;2249855;2435631;2621407;2807183;2992956;3178731;3364505;3550284;3736058;3921833;4107607;4293389;4479156;4664935;4850708;5036486;5222262;5408034;5593810;5779594;5965362;6151135;6336908
G6;187;185;182;184;187;186;186;185;188;187;183;183;185;184;188;184;186;184;183;187;188;183;181;185;183;182;186;181;185;186;187;179;180;179;181
Time [ms];20171;205972;391743;577523;763297;949072;1134846;1320622;1506398;1692172;1877952;2064379;2249499;2435275;2621051;2806827;2992600;3178376;3364149;3549928;3735702;3921477;4107251;4293033;4478800;4664579;4850352;5036130;5221906;5407678;5593454;5779238;5965006;6150779;6336552
G7;181;187;184;185;184;184;182;183;186;183;184;182;183;183;184;183;187;180;184;184;184;186;181;182;180;186;182;180;183;181;184;185;183;181;180
Time [ms];19815;205616;391387;577167;762941;948716;1134491;1320266;1506042;1691816;1877596;2064023;2249143;2434920;2620695;2806471;2992244;3178020;3363793;3549573;3735346;3921122;4106896;4292677;4478444;4664223;4849996;5035775;5221550;5407322;5593098;5778882;5964650;6150424;6336196
G8;186;189;183;185;184;187;183;188;185;187;189;187;187;183;187;182;182;182;187;182;183;182;186;181;182;180;183;183;182;187;182;182;184;188;181
Time [ms];19459;205260;391031;576811;762585;948360;1134135;1319910;1505686;1691460;1877240;2063667;2248788;2434564;2620339;2806115;2991889;3177664;3363437;3549217;3734990;3920766;4106540;4292321;4478088;4663867;4849640;5035419;5221194;5406966;5592742;5778526;5964294;6150068;6335841
G9;186;183;190;186;187;186;185;185;187;186;185;185;185;185;186;183;185;185;182;186;187;186;183;183;184;182;185;182;186;185;186;182;182;183;183
Time [ms];19103;204905;390675;576455;762229;948004;1133779;1319554;1505331;1691104;1876884;2063311;2248432;2434208;2619983;2805759;2991533;3177308;3363081;3548861;3734634;3920410;4106184;4291965;4477732;4663512;4849284;5035063;5220838;5406611;5592386;5778170;5963938;6149712;6335485
G10;192;192;194;193;196;200;193;196;195;190;195;191;197;193;193;186;190;192;193;192;192;191;191;189;195;190;193;189;190;189;196;190;191;193;188
Time [ms];18747;204549;390319;576099;761873;947648;1133423;1319198;1504975;1690748;1876528;2062955;2248076;2433852;2619627;2805403;2991177;3176952;3362725;3548505;3734279;3920054;4105828;4291609;4477376;4663156;4848928;5034707;5220482;5406255;5592030;5777814;5963582;6149356;6335129
G11;184;190;186;188;187;188;187;186;190;188;190;186;190;187;191;189;185;187;185;188;188;189;192;186;187;186;187;186;189;184;189;188;185;186;186
Time [ms];18391;204193;389963;575743;761517;947292;1133067;1318843;1504619;1690392;1876172;2062599;2247720;2433496;2619271;2805047;2990821;3176596;3362370;3548149;3733923;3919698;4105472;4291253;4477020;4662800;4848572;5034351;5220126;5405899;5591675;5777458;5963226;6149000;6334773
;;;;;;;;;;;;;;;;;;;;;;;;;;;;;;;;;;;
RFU_green;;;;;;;;;;;;;;;;;;;;;;;;;;;;;;;;;;;
Cycle Nr.;1;2;3;4;5;6;7;8;9;10;11;12;13;14;15;16;17;18;19;20;21;22;23;24;25;26;27;28;29;30;31;32;33;34;35
Temp. [캜];37;36,9;36,8;37;37;37,1;36,9;37,1;36,9;37,1;36,9;36,9;37,1;37,1;36,9;36,9;36,9;37,2;37;36,9;37;36,9;36,9;37,1;37,2;37;37,1;37,2;37,1;36,9;37;37,1;37,1;37;37
B2;353;351;347;351;343;345;342;338;339;342;338;330;344;332;330;328;325;329;330;326;335;330;330;328;323;319;323;322;322;328;323;322;328;322;323
Time [ms];0;185801;371576;557351;743127;928902;1114678;1300453;1486228;1672004;1857779;2043555;2229330;2415105;2600881;2786656;2972431;3158207;3343982;3529757;3715533;3901308;4087083;4272843;4458618;4644409;4830185;5015960;5201735;5387510;5573286;5759045;5944836;6130612;6316371
B3;362;361;354;347;358;383;353;350;342;346;345;367;353;347;334;334;344;335;333;338;365;338;343;330;337;366;332;334;337;334;356;332;344;331;336
Time [ms];356;186157;371932;557707;743483;929258;1115034;1300809;1486584;1672360;1858135;2043911;2229686;2415461;2601236;2787012;2972787;3158562;3344338;3530113;3715889;3901664;4087439;4273199;4458974;4644765;4830541;5016316;5202091;5387866;5573641;5759401;5945192;6130968;6316727
B4;362;351;347;357;381;338;345;343;340;351;339;343;337;337;327;336;323;335;330;330;327;326;328;337;321;341;326;340;367;333;330;325;329;343;332
Time [ms];712;186512;372288;558063;743839;929614;1115390;1301165;1486940;1672716;1858491;2044267;2230042;2415817;2601592;2787368;2973143;3158918;3344694;3530469;3716245;3902020;4087795;4273555;4459330;4645121;4830896;5016672;5202447;5388222;5573997;5759757;5945548;6131323;6317083
B5;385;380;375;404;389;437;365;362;360;369;387;403;385;352;378;354;369;359;372;394;361;350;378;353;353;347;375;381;377;361;388;389;347;386;354
Time [ms];1068;186868;372644;558419;744194;929970;1115746;1301521;1487296;1673072;1858847;2044623;2230398;2416173;2601948;2787723;2973499;3159274;3345050;3530825;3716600;3902376;4088151;4273911;4459686;4645477;4831252;5017028;5202803;5388578;5574353;5760113;5945904;6131679;6317439
B6;421;401;376;373;404;382;371;375;363;367;434;360;371;362;362;363;372;354;351;352;353;363;355;353;356;363;354;352;347;357;346;353;359;369;355
Time [ms];1424;187224;373000;558775;744550;930326;1116101;1301877;1487652;1673428;1859203;2044978;2230754;2416529;2602304;2788079;2973855;3159630;3345406;3531181;3716956;3902731;4088507;4274267;4460042;4645833;4831608;5017383;5203159;5388934;5574709;5760469;5946260;6132035;6317795
B7;355;354;350;383;363;365;376;353;345;341;369;339;339;375;341;334;343;342;333;334;336;342;348;338;362;351;338;331;340;345;357;334;345;363;
Time [ms];1780;187580;373356;559131;744906;930682;1116457;1302233;1488008;1673784;1859558;2045334;2231110;2416885;2602660;2788435;2974211;3159986;3345761;3531537;3717312;3903087;4088863;4274622;4460398;4646188;4831964;5017739;5203515;5389290;5575065;5760825;5946616;6132391;
B8;386;340;353;357;371;331;347;332;330;331;332;327;325;325;366;319;321;323;317;321;322;340;320;317;314;306;335;341;312;316;317;316;324;322;
Time [ms];2136;187936;373712;559487;745262;931038;1116813;1302588;1488364;1674139;1859914;2045690;2231466;2417241;2603016;2788791;2974567;3160342;3346117;3531893;3717668;3903443;4089218;4274978;4460753;4646544;4832320;5018095;5203870;5389645;5575421;5761181;5946972;6132747;
B9;352;392;356;350;345;352;399;341;383;335;347;351;332;334;359;337;332;332;353;337;326;326;321;328;320;327;326;323;328;363;351;322;332;350;
Time [ms];2492;188292;374068;559843;745618;931394;1117169;1302944;1488720;1674495;1860270;2046046;2231821;2417596;2603372;2789147;2974922;3160698;3346473;3532248;3718024;3903799;4089574;4275334;4461109;4646900;4832676;5018451;5204226;5390001;5575777;5761536;5947327;6133103;
B10;374;399;399;371;373;379;365;386;361;381;400;357;360;349;351;365;382;343;346;359;345;352;351;341;385;358;376;353;345;347;381;361;349;353;
Time [ms];2847;188648;374423;560199;745974;931749;1117525;1303300;1489076;1674851;1860626;2046402;2232177;2417952;2603728;2789503;2975278;3161054;3346829;3532604;3718380;3904155;4089930;4275690;4461465;4647256;4833032;5018807;5204582;5390357;5576133;5761892;5947683;6133459;
B11;9136;8625;8693;8681;8594;7872;8158;8006;7499;7196;7867;7636;6447;7578;6310;7331;6080;7135;6696;7242;7067;7149;6824;6599;7082;5972;6967;7000;6706;6885;6637;6878;6527;6173;
Time [ms];3203;189004;374779;560555;746330;932105;1117881;1303656;1489431;1675207;1860982;2046758;2232533;2418308;2604084;2789859;2975634;3161410;3347185;3532960;3718736;3904511;4090286;4276046;4461821;4647612;4833388;5019163;5204938;5390713;5576489;5762248;5948039;6133815;
C2;329;329;325;324;320;324;320;318;317;316;316;310;308;310;309;312;309;306;309;306;307;306;302;306;303;306;309;306;304;304;306;305;303;302;
Time [ms];6881;192681;378456;564231;750007;935782;1121558;1307334;1493110;1678886;1864661;2050435;2236210;2421986;2607761;2793536;2979311;3165088;3350864;3536638;3722412;3908189;4093962;4279739;4465514;4651290;4837065;5022840;5208616;5394391;5580167;5765925;5951717;6137492;
C3;319;315;315;314;315;316;311;309;311;307;308;306;303;303;305;304;303;299;302;303;305;296;298;301;295;298;299;299;302;300;296;298;299;297;
Time [ms];6525;192325;378100;563875;749651;935426;1121202;1306978;1492754;1678530;1864305;2050079;2235855;2421630;2607405;2793180;2978955;3164732;3350508;3536282;3722056;3907834;4093606;4279383;4465158;4650934;4836709;5022484;5208260;5394035;5579811;5765570;5951361;6137136;
C4;319;313;313;312;310;313;313;305;307;309;305;305;299;300;297;300;298;297;298;298;295;292;296;292;292;294;294;291;293;292;290;292;298;292;
Time [ms];6169;191969;377744;563519;749295;935070;1120846;1306622;1492398;1678174;1863949;2049724;2235499;2421274;2607049;2792824;2978599;3164376;3350152;3535926;3721700;3907478;4093250;4279027;4464802;4650578;4836353;5022128;5207904;5393679;5579455;5765214;5951005;6136780;
C5;322;318;319;318;312;315;308;309;309;305;309;310;301;302;305;298;301;299;299;301;301;298;296;298;298;300;298;298;294;297;297;298;299;299;
Time [ms];5814;191613;377388;563163;748939;934714;1120490;1306266;1492042;1677819;1863593;2049368;2235143;2420918;2606693;2792468;2978244;3164020;3349796;3535570;3721344;3907122;4092895;4278671;4464447;4650223;4835998;5021772;5207548;5393323;5579099;5764858;5950649;6136424;
C6;317;316;311;312;314;309;308;305;304;303;300;301;297;296;294;298;298;297;292;292;296;294;294;297;293;292;289;291;291;291;289;292;295;290;
Time [ms];5458;191257;377032;562807;748583;934358;1120134;1305911;1491686;1677463;1863237;2049012;2234787;2420562;2606337;2792113;2977888;3163664;3349440;3535214;3720988;3906766;4092539;4278315;4464091;4649867;4835642;5021417;5207192;5392967;5578744;5764502;5950293;6136069;
C7;312;314;309;306;307;307;305;305;301;302;298;296;296;292;296;294;293;291;291;292;295;289;290;293;287;292;288;291;291;293;287;289;292;292;
Time [ms];5102;190901;376676;562452;748227;934002;1119779;1305555;1491330;1677107;1862881;2048656;2234431;2420206;2605981;2791757;2977532;3163308;3349084;3534858;3720633;3906410;4092183;4277959;4463735;4649511;4835286;5021061;5206836;5392611;5578388;5764146;5949937;6135713;
C8;311;306;308;306;304;302;303;303;300;296;297;294;296;292;289;290;290;287;294;291;288;286;286;288;285;285;286;286;288;288;287;284;286;288;
Time [ms];4746;190545;376320;562096;747871;933646;1119423;1305199;1490974;1676751;1862525;2048300;2234075;2419850;2605625;2791401;2977176;3162952;3348729;3534503;3720277;3906054;4091827;4277604;4463379;4649155;4834930;5020705;5206481;5392255;5578032;5763790;5949581;6135357;
C9;310;313;311;309;304;308;302;303;298;301;297;296;300;293;294;294;293;290;292;288;290;288;290;291;287;287;290;288;289;288;286;291;286;291;
Time [ms];4390;190189;375964;561740;747515;933291;1119067;1304843;1490619;1676395;1862170;2047944;2233719;2419494;2605269;2791045;2976820;3162596;3348373;3534147;3719921;3905698;4091471;4277248;4463023;4648799;4834574;5020349;5206125;5391900;5577676;5763434;5949226;6135001;
C10;318;310;312;309;308;308;305;305;299;300;303;301;298;295;295;296;298;298;296;291;296;291;290;288;291;291;292;294;286;290;292;293;293;293;
Time [ms];4034;189834;375609;561384;747159;932935;1118711;1304487;1490263;1676039;1861814;2047588;2233363;2419139;2604914;2790689;2976464;3162241;3348017;3533791;3719565;3905342;4091115;4276892;4462667;4648443;4834218;5019993;5205769;5391544;5577320;5763078;5948870;6134645;
C11;316;313;303;306;306;305;301;299;303;297;297;297;293;294;294;292;290;293;288;289;285;290;287;283;286;283;282;285;282;289;285;283;285;281;
Time [ms];3678;189478;375253;561028;746804;932579;1118355;1304131;1489907;1675683;1861458;2047233;2233008;2418783;2604558;2790333;2976108;3161885;3347661;3533435;3719209;3904986;4090759;4276536;4462311;4648087;4833862;5019637;5205413;5391188;5576964;5762723;5948514;6134289;
D2;352;352;390;345;345;388;377;337;354;335;336;333;351;354;330;333;363;372;330;350;325;322;346;321;336;323;326;346;328;328;368;324;330;329;
Time [ms];7357;193156;378930;564705;750480;936256;1122033;1307809;1493583;1679360;1865136;2050910;2236685;2422462;2608235;2794010;2979786;3165561;3351338;3537112;3722887;3908664;4094438;4280213;4465990;4651764;4837539;5023315;5209092;5394866;5580642;5766404;5952192;6137967;
D3;399;416;415;425;408;391;403;394;404;368;400;392;392;392;385;369;382;388;382;375;399;375;389;399;388;365;374;390;379;388;376;360;365;372;
Time [ms];7712;193512;379286;565061;750836;936612;1122388;1308165;1493939;1679716;1865492;2051266;2237041;2422818;2608591;2794366;2980142;3165917;3351693;3537468;3723243;3909020;4094793;4280569;4466346;4652120;4837895;5023671;5209447;5395222;5580998;5766760;5952547;6138323;
D4;417;437;426;401;367;377;419;380;373;364;402;354;364;358;388;379;369;365;353;378;352;356;356;357;356;357;344;361;359;363;350;357;367;371;
Time [ms];8068;193868;379642;565417;751192;936968;1122744;1308521;1494295;1680072;1865848;2051622;2237397;2423174;2608947;2794722;2980498;3166273;3352049;3537824;3723599;3909376;4095149;4280925;4466702;4652476;4838251;5024027;5209803;5395578;5581354;5767116;5952903;6138679;
D5;386;400;407;400;395;427;414;376;376;365;368;409;404;365;365;391;364;374;383;385;360;393;362;374;360;357;379;409;350;376;359;396;371;366;
Time [ms];8424;194223;379998;565772;751548;937323;1123100;1308877;1494651;1680428;1866203;2051978;2237753;2423529;2609303;2795077;2980854;3166629;3352405;3538180;3723955;3909732;4095505;4281281;4467058;4652832;4838607;5024383;5210159;5395934;5581710;5767472;5953259;6139035;
D6;360;386;379;353;345;354;341;337;351;355;360;380;334;339;371;345;337;331;345;357;350;343;337;325;332;342;340;352;327;332;333;364;331;358;
Time [ms];8780;194579;380354;566128;751904;937679;1123456;1309233;1495007;1680784;1866559;2052334;2238109;2423885;2609659;2795433;2981209;3166985;3352761;3538536;3724311;3910088;4095861;4281637;4467414;4653188;4838962;5024739;5210515;5396290;5582066;5767828;5953615;6139391;
D7;368;416;354;366;354;392;381;345;386;348;356;377;332;345;338;333;339;359;341;330;337;340;335;335;342;335;361;335;347;330;339;339;363;331;
Time [ms];9136;194935;380710;566484;752260;938035;1123812;1309588;1495363;1681140;1866915;2052689;2238465;2424241;2610014;2795789;2981565;3167341;3353117;3538892;3724667;3910443;4096217;4281993;4467770;4653544;4839318;5025094;5210871;5396646;5582422;5768183;5953971;6139747;
D8;338;345;351;331;333;366;347;328;325;333;328;330;340;330;342;328;350;344;325;349;338;312;321;315;307;320;320;313;345;342;312;321;318;323;
Time [ms];9492;195291;381066;566840;752616;938391;1124168;1309944;1495719;1681496;1867271;2053045;2238821;2424597;2610370;2796145;2981921;3167697;3353473;3539247;3725022;3910799;4096573;4282349;4468125;4653900;4839674;5025450;5211227;5397001;5582778;5768539;5954327;6140102;
D9;358;367;384;351;364;347;349;344;339;366;350;343;333;334;339;354;332;343;369;337;350;346;354;334;344;336;357;332;333;343;337;324;331;332;
Time [ms];9848;195647;381422;567196;752971;938747;1124524;1310300;1496075;1681852;1867627;2053401;2239177;2424953;2610726;2796501;2982277;3168052;3353829;3539603;3725378;3911155;4096929;4282705;4468481;4654256;4840030;5025806;5211583;5397357;5583133;5768895;5954683;6140458;
D10;360;352;368;383;387;386;351;364;375;358;355;343;343;343;339;362;342;354;366;335;365;346;371;332;363;347;337;336;346;342;337;348;361;346;
Time [ms];10204;196003;381777;567552;753327;939103;1124880;1310656;1496430;1682208;1867983;2053757;2239532;2425309;2611082;2796857;2982633;3168408;3354185;3539959;3725734;3911511;4097285;4283060;4468837;4654612;4840386;5026162;5211939;5397713;5583489;5769251;5955039;6140814;
D11;16391;15314;14239;15315;14541;15677;13893;13674;13307;12524;13724;11895;13855;13372;13874;13778;12532;11577;13897;12111;11822;12284;12654;13054;11348;13097;12819;12513;12139;12059;11222;12572;11735;12072;
Time [ms];10560;196359;382133;567908;753683;939459;1125236;1311012;1496786;1682563;1868339;2054113;2239888;2425665;2611438;2797213;2982989;3168764;3354541;3540315;3726090;3911867;4097640;4283416;4469193;4654967;4840742;5026518;5212295;5398069;5583845;5769607;5955395;6141170;
E2;328;332;328;326;319;327;317;317;315;316;314;314;314;310;310;314;307;312;306;304;304;303;302;304;306;303;302;306;303;303;302;303;306;303;
Time [ms];14238;200038;385811;571586;757362;943137;1128915;1314690;1500463;1686239;1872017;2057792;2243567;2429345;2615116;2800893;2986667;3172440;3358219;3543994;3729769;3915545;4101320;4287095;4472870;4658645;4844420;5030196;5215973;5401747;5587523;5773289;5959073;6144848;
E3;329;323;326;325;320;324;318;314;312;312;312;316;311;308;310;320;307;307;306;305;306;304;301;304;303;304;305;300;301;304;304;302;304;304;
Time [ms];13882;199682;385455;571230;757006;942781;1128559;1314334;1500107;1685883;1871661;2057436;2243211;2428989;2614760;2800537;2986311;3172084;3357863;3543638;3729413;3915189;4100964;4286739;4472514;4658289;4844064;5029840;5215617;5401391;5587167;5772933;5958717;6144492;
E4;325;320;318;319;319;320;311;315;308;309;308;305;308;306;303;306;304;302;308;301;304;300;298;295;298;300;301;300;299;303;301;298;296;301;
Time [ms];13526;199326;385100;570874;756650;942426;1128203;1313978;1499751;1685527;1871306;2057081;2242855;2428634;2614404;2800181;2985955;3171728;3357507;3543282;3729057;3914833;4100608;4286383;4472158;4657933;4843708;5029484;5215261;5401035;5586811;5772577;5958362;6144136;
E5;314;319;312;316;312;314;313;312;307;307;305;303;302;301;302;301;301;301;299;302;298;297;295;296;297;298;298;299;297;297;295;296;291;293;
Time [ms];13170;198970;384744;570518;756294;942070;1127847;1313622;1499395;1685172;1870950;2056725;2242499;2428278;2614049;2799825;2985599;3171373;3357151;3542926;3728701;3914478;4100252;4286027;4471802;4657577;4843352;5029128;5214906;5400679;5586455;5772221;5958006;6143780;
E6;331;335;334;332;329;328;326;324;323;326;317;319;318;316;317;312;314;315;312;313;312;309;315;309;309;308;309;308;305;310;310;308;309;309;
Time [ms];12814;198614;384388;570162;755938;941714;1127491;1313266;1499039;1684816;1870594;2056369;2242143;2427922;2613693;2799469;2985243;3171017;3356796;3542571;3728345;3914122;4099896;4285671;4471446;4657221;4842996;5028772;5214550;5400323;5586100;5771865;5957650;6143424;
E7;320;319;317;317;315;314;310;310;308;310;304;301;304;301;301;301;300;299;299;300;299;293;299;295;295;298;295;297;296;301;294;297;297;299;
Time [ms];12458;198258;384032;569806;755582;941358;1127135;1312910;1498683;1684460;1870238;2056013;2241787;2427566;2613337;2799113;2984887;3170661;3356440;3542215;3727989;3913766;4099540;4285315;4471090;4656866;4842640;5028417;5214194;5399968;5585744;5771509;5957294;6143068;
E8;318;317;315;312;308;308;309;306;305;305;306;303;301;300;296;299;297;296;296;297;297;296;293;293;295;293;296;293;291;295;294;295;289;296;
Time [ms];12102;197902;383676;569450;755226;941002;1126779;1312554;1498328;1684104;1869882;2055657;2241431;2427210;2612981;2798757;2984531;3170305;3356084;3541859;3727633;3913410;4099184;4284960;4470734;4656510;4842284;5028061;5213838;5399612;5585388;5771153;5956938;6142712;
E9;322;317;312;313;312;316;311;307;308;306;306;305;301;302;299;302;297;301;300;297;293;292;297;292;294;297;293;295;296;294;292;293;296;298;
Time [ms];11746;197546;383320;569094;754870;940646;1126423;1312199;1497972;1683748;1869526;2055301;2241075;2426854;2612625;2798401;2984176;3169949;3355728;3541503;3727278;3913054;4098828;4284604;4470378;4656154;4841929;5027705;5213482;5399256;5585032;5770797;5956582;6142356;
E10;318;321;314;315;314;316;312;313;309;308;305;304;303;302;300;305;300;300;300;297;304;295;296;297;295;298;293;294;294;293;297;298;296;293;
Time [ms];11390;197190;382964;568738;754515;940290;1126067;1311843;1497616;1683392;1869170;2054945;2240720;2426498;2612269;2798045;2983820;3169593;3355372;3541147;3726922;3912698;4098473;4284248;4470023;4655798;4841573;5027349;5213126;5398900;5584676;5770441;5956226;6142000;
E11;315;320;319;315;316;310;308;309;307;308;308;306;302;303;301;302;302;298;297;298;296;293;296;294;295;291;294;293;294;292;293;288;292;293;
Time [ms];11035;196835;382608;568383;754159;939934;1125712;1311487;1497260;1683036;1868814;2054589;2240364;2426142;2611913;2797690;2983464;3169237;3355016;3540791;3726566;3912342;4098117;4283892;4469667;4655442;4841217;5026993;5212770;5398544;5584320;5770086;5955870;6141645;
F2;440;435;440;436;434;431;440;435;428;486;426;425;427;428;431;432;429;430;448;431;448;429;440;436;434;435;442;440;449;447;460;482;450;456;
Time [ms];14713;200514;386286;572061;757837;943614;1129391;1315164;1500938;1686715;1872493;2058267;2244042;2429819;2615591;2801368;2987143;3172915;3358695;3544469;3730245;3916022;4101795;4287569;4473344;4659119;4844895;5030672;5216448;5402223;5587999;5773767;5959547;6145322;
F3;466;422;425;419;444;438;412;435;423;391;416;419;427;394;422;413;425;413;419;419;425;418;408;422;418;417;415;435;410;427;422;427;431;440;
Time [ms];15069;200870;386642;572416;758192;943970;1129747;1315520;1501293;1687071;1872849;2058623;2244398;2430175;2615947;2801723;2987499;3173271;3359050;3544825;3730601;3916378;4102151;4287925;4473699;4659475;4845251;5031028;5216804;5402579;5588355;5774123;5959903;6145678;
F4;495;444;456;536;420;424;494;429;429;459;470;427;462;448;466;433;437;465;442;461;463;426;437;423;422;443;432;458;439;438;472;452;453;447;
Time [ms];15425;201226;386998;572772;758548;944326;1130103;1315876;1501649;1687427;1873205;2058979;2244754;2430530;2616303;2802079;2987855;3173627;3359406;3545181;3730957;3916734;4102507;4288281;4474055;4659831;4845607;5031384;5217160;5402935;5588711;5774479;5960259;6146034;
F5;500;426;434;395;377;473;367;361;453;438;455;383;371;502;366;461;448;418;456;390;389;409;414;475;477;434;406;433;402;383;472;437;404;430;
Time [ms];15780;201581;387354;573128;758904;944682;1130459;1316232;1502005;1687783;1873561;2059335;2245110;2430886;2616659;2802435;2988211;3173983;3359762;3545537;3731313;3917090;4102863;4288637;4474411;4660187;4845963;5031739;5217516;5403291;5589067;5774835;5960615;6146390;
F6;414;414;406;414;439;421;407;421;402;417;405;407;399;402;407;403;397;408;420;397;413;407;410;404;406;412;409;382;415;416;406;425;411;422;
Time [ms];16136;201937;387710;573484;759260;945038;1130814;1316588;1502361;1688139;1873917;2059691;2245466;2431242;2617015;2802791;2988567;3174339;3360118;3545892;3731668;3917445;4103219;4288993;4474767;4660543;4846319;5032095;5217872;5403646;5589423;5775191;5960971;6146745;
F7;456;428;387;381;434;443;390;385;376;431;422;381;378;377;405;378;418;386;377;387;394;384;388;389;389;388;412;392;403;402;401;405;407;439;
Time [ms];16492;202293;388066;573840;759616;945394;1131170;1316944;1502717;1688495;1874272;2060046;2245822;2431598;2617371;2803147;2988923;3174695;3360474;3546248;3732024;3917801;4103575;4289349;4475123;4660899;4846674;5032451;5218228;5404002;5589778;5775546;5961327;6147101;
F8;379;417;363;381;373;368;367;375;382;379;382;359;365;363;396;374;357;363;366;383;423;410;389;399;381;369;386;396;379;368;376;397;389;404;
Time [ms];16848;202649;388422;574196;759972;945749;1131526;1317300;1503073;1688850;1874628;2060402;2246177;2431954;2617727;2803503;2989279;3175050;3360830;3546604;3732380;3918157;4103931;4289705;4475479;4661255;4847030;5032807;5218583;5404358;5590134;5775902;5961683;6147457;
F9;368;367;404;366;365;371;368;390;360;362;353;356;374;360;363;380;358;357;366;362;387;362;361;367;374;371;375;371;375;398;404;386;380;397;
Time [ms];17204;203005;388778;574552;760328;946105;1131882;1317656;1503429;1689206;1874984;2060758;2246533;2432310;2618083;2803859;2989635;3175406;3361186;3546960;3732736;3918513;4104287;4290061;4475835;4661611;4847386;5033163;5218939;5404714;5590490;5776258;5962039;6147813;
F10;406;421;413;398;367;370;376;388;368;372;368;385;365;366;367;362;370;367;369;368;365;373;373;389;376;385;379;375;384;381;385;391;396;389;
Time [ms];17560;203361;389133;574908;760684;946461;1132238;1318011;1503785;1689562;1875340;2061114;2246889;2432666;2618438;2804215;2989991;3175762;3361542;3547316;3733092;3918869;4104643;4290416;4476191;4661966;4847742;5033519;5219295;5405070;5590846;5776614;5962395;6148169;
F11;18087;17549;18347;17407;16473;15396;15592;15395;16877;15283;14583;16699;15957;14965;15932;15608;13604;13381;15928;14820;15113;12671;15327;15090;14340;13588;14971;13530;13348;14221;13305;14906;13621;14932;
Time [ms];17916;203717;389489;575264;761039;946817;1132594;1318367;1504141;1689918;1875696;2061470;2247245;2433022;2618794;2804571;2990347;3176118;3361898;3547672;3733448;3919225;4104998;4290772;4476547;4662322;4848098;5033875;5219651;5405426;5591202;5776970;5962750;6148525;
G2;351;349;343;343;343;346;349;344;342;345;343;345;339;341;341;342;341;347;343;348;347;344;348;350;350;349;353;358;349;352;362;361;360;361;
Time [ms];21593;207394;393166;578942;764717;950497;1136272;1322045;1507819;1693597;1879375;2065148;2250923;2436699;2622473;2808247;2994024;3179796;3365575;3551350;3737126;3922904;4108675;4294449;4480225;4666000;4851776;5037551;5223330;5409104;5594881;5780651;5966427;6152203;
G3;374;368;365;369;366;370;365;366;366;368;360;369;365;363;362;360;367;369;368;367;365;363;368;375;372;369;379;378;378;374;385;385;387;388;
Time [ms];21237;207038;392810;578586;764361;950141;1135916;1321690;1507463;1693241;1879019;2064792;2250567;2436343;2622117;2807891;2993668;3179440;3365219;3550994;3736770;3922548;4108319;4294093;4479869;4665644;4851420;5037195;5222974;5408748;5594525;5780295;5966071;6151847;
G4;370;366;365;368;365;364;360;354;353;353;356;353;345;351;353;349;350;351;350;350;356;355;353;354;355;361;360;366;366;368;369;369;372;373;
Time [ms];20881;206682;392455;578230;764005;949785;1135560;1321334;1507107;1692885;1878663;2064436;2250211;2435987;2621762;2807535;2993312;3179084;3364863;3550638;3736414;3922192;4107963;4293737;4479513;4665289;4851064;5036839;5222618;5408392;5594169;5779940;5965716;6151492;
G5;334;334;335;335;333;334;334;331;334;330;332;330;330;332;330;330;335;329;335;337;341;338;337;337;337;344;342;338;346;341;350;349;356;358;
Time [ms];20525;206326;392099;577874;763649;949429;1135204;1320978;1506751;1692530;1878307;2064080;2249855;2435631;2621406;2807179;2992956;3178728;3364508;3550282;3736058;3921836;4107608;4293381;4479157;4664933;4850708;5036484;5222262;5408036;5593813;5779584;5965360;6151136;
G6;330;331;332;329;325;333;329;328;327;325;329;328;324;328;329;325;327;332;329;333;335;330;333;332;336;337;336;339;343;340;346;347;347;350;
Time [ms];20169;205970;391743;577518;763293;949073;1134849;1320622;1506395;1692174;1877951;2063724;2249499;2435275;2621050;2806823;2992600;3178372;3364152;3549926;3735702;3921481;4107252;4293026;4478802;4664577;4850352;5036128;5221907;5407680;5593457;5779228;5965004;6150780;
G7;329;327;334;330;326;331;331;324;328;329;329;323;326;325;324;323;331;325;327;332;336;332;329;330;330;338;335;337;342;346;344;347;349;353;
Time [ms];19813;205615;391387;577163;762937;948717;1134493;1320266;1506039;1691818;1877595;2063368;2249143;2434919;2620694;2806468;2992244;3178017;3363796;3549570;3735346;3921125;4106896;4292670;4478446;4664221;4849996;5035772;5221551;5407324;5593101;5778872;5964648;6150424;
G8;335;329;330;331;332;331;329;328;327;327;324;326;322;322;325;326;324;326;332;330;333;326;324;330;326;327;333;334;335;338;338;340;344;341;
Time [ms];19457;205259;391031;576807;762582;948361;1134137;1319910;1505683;1691462;1877239;2063012;2248787;2434563;2620338;2806112;2991888;3177661;3363440;3549214;3734990;3920769;4106540;4292314;4478090;4663865;4849641;5035416;5221195;5406968;5592745;5778516;5964292;6150068;
G9;331;338;337;334;331;332;333;330;330;331;333;327;329;330;329;326;328;329;331;331;332;332;330;331;330;338;333;335;338;340;340;347;345;344;
Time [ms];19101;204903;390675;576451;762226;948005;1133781;1319554;1505328;1691106;1876883;2062656;2248431;2434207;2619982;2805756;2991533;3177305;3363084;3548858;3734634;3920413;4106184;4291958;4477734;4663509;4849285;5035060;5220839;5406613;5592390;5778160;5963936;6149712;
G10;334;339;333;333;335;333;334;334;332;329;330;330;329;329;328;327;330;328;329;329;332;332;333;336;334;337;335;338;339;342;343;342;344;352;
Time [ms];18746;204547;390319;576095;761870;947650;1133425;1319198;1504972;1690750;1876528;2062301;2248075;2433852;2619626;2805400;2991177;3176949;3362728;3548502;3734278;3920057;4105828;4291602;4477378;4663153;4848929;5034704;5220483;5406257;5592034;5777804;5963580;6149356;
G11;311;312;307;312;308;306;303;301;300;300;301;300;296;294;294;293;294;294;292;288;291;289;289;285;287;284;287;287;281;285;284;283;290;285;
Time [ms];18390;204191;389963;575739;761514;947294;1133069;1318842;1504616;1690394;1876172;2061945;2247720;2433496;2619270;2805044;2990821;3176593;3362372;3548147;3733922;3919701;4105472;4291246;4477022;4662797;4848573;5034348;5220127;5405901;5591678;5777449;5963224;6149000;
;;;;;;;;;;;;;;;;;;;;;;;;;;;;;;;;;;;
;;;;;;;;;;;;;;;;;;;;;;;;;;;;;;;;;;;
End Time:;;;;;;;;;;;;;;;;;;;;;;;;;;;;;;;;;;;
